txn_date,merchant,value,category
2026-01-22,Sky Business,91.84,Supplies
16-4-2026,bakery co,280,33,
2026-03-22,BRAKES UK,1221.09,Utilities
12-2-2026,CleanCo,£747.25,Utilities
3/3/2026,J J Food,£1018.73,Soft Drinks
18-4-2026,Booker Ltd,1202.46,Alcohol
2026-04-15,Scottish Water,1055.98,Alcohol
9-2-2026,Amazon Business,1466.12,Supplies
1/15/2026,Booker Ltd,747.40,
2026-01-09,BRAKES UK,£854,49,Supplies
2026-03-25,Heineken UK,£617.74,Supplies
2026-04-21,Diageo Ltd,1349.30,Food
2026-04-09,HEINEKEN,1259.14,
2026-03-12,Heineken UK Ltd,1303.88,Food
27-3-2026,HEINEKEN,960.33,Food
11/02/2026,BOOKER,£1102.04,
1/7/2026,Sky Business,1018.86,
2026-04-13,scottish water,302.45,Food
2026-01-21,E.ON,568.71,Food
04/03/2026,BT Business,£970.87,Alcohol
2/15/2026,Booker Wholesale,975.82,
2026-03-20,scottish water,1497.37
4/5/2026,Local Butcher,1064.06,Supplies
6-3-2026,Diageo,1094.10,
19-1-2026,BRITISH GAS,387.99,
06/03/2026,The Local Butcher,451.46,Alcohol
2/2/2026,Brakes Catering,1341.79,
17-4-2026,JJ FOOD SERVICE,1121.04,Soft Drinks
07/02/2026,AMAZON UK,£581.87,
1/28/2026,BT Business,£1110,21,
4/6/2026,Booker Wholesale,1404.41,Supplies
3-4-2026,Scottish Water,136.47,Food
4/18/2026,Coca Cola,£883.58,
1/17/2026,EON,1407,04,Food
2026-02-11,e.on,376.21,Supplies
2026-01-14,Brakes,904.06,Supplies
3/22/2026,BritishGas,1415.95,Food
20-1-2026,Heineken UK Ltd,£884.27,Supplies
16-4-2026,Bakery Co,1213.38,
2026-01-31,BritishGas,870.78
2026-01-04,Diageo Ltd,908.67,Food
8-4-2026,BRAKES UK,-1077.59,Food
2/21/2026,Amazon,801.36,Food
8-3-2026,COCA-COLA EUROPACIFIC,396.38,Utilities
2026-04-02,Brakes,659.53,
26/03/2026,BOOKER WHOLESALE,1040.69,Soft Drinks
4/1/2026,J J Food,159.15,Supplies
8-3-2026,Sky,715.44,Soft Drinks
2/5/2026,diageo ltd,184.42,Food
2026-03-02,Local Butcher,1440.31,
28/03/2026,BRITISH GAS,£1024.28,Supplies
3/15/2026,J J Food,410.83,Soft Drinks
2026-01-13,Brakes,328.26,
15/03/2026,cleaning supplies co,382.52,Supplies
11-2-2026,Brakes,811.71,Soft Drinks
1/25/2026,BT PLC,654.07,Supplies
27-2-2026,Heineken UK Ltd,1326.24,Alcohol
2026-04-08,local bakery,£1449.97
1-3-2026,coca-cola europacific,£961.26,Utilities
3/28/2026,Sky,£1098.43,Supplies
3-2-2026,Local Bakery,494.20,Alcohol
7-4-2026,Brakes,£1500.49,Food
4/9/2026,BRITISH GAS,514.00,
4/8/2026,BOOKER,-605.53,Soft Drinks
2/10/2026,BT Business,729.54,Food
1/4/2026,DIAGEO,832.23,
15/03/2026,BOOKER,1295.01,Utilities
4/1/2026,Booker Ltd,1144.48,
3/25/2026,coca cola europacific,1499.31,
16/01/2026,BRITISH GAS,1472.31,Utilities
3-1-2026,bakery co,1371.48,Food
2/28/2026,Bakery Co,150,48,Supplies
20-2-2026,Booker Wholesale,1307.09,
2026-01-22,BRITISH GAS,1051.75,
8-3-2026,diageo limited,382.92,
9-4-2026,Local Butcher,1499.11,Alcohol
4/11/2026,DIAGEO LIMITED,£548,28,Utilities
13-4-2026,The Local Butcher,1163.46,Alcohol
25-3-2026,E.ON,569.81,Soft Drinks
2026-01-14,British Gas,1123.63,
3/16/2026,BritishGas,148.98,Alcohol
21/02/2026,Amazon,1126.28,Utilities
25-3-2026,Diageo,909.97,
16/02/2026,SKY,1172.52,
15-4-2026,BOOKER,1238.72,
09/01/2026,Diageo Ltd,£767.33,Utilities
09/01/2026,Amazon Business,£982,04,Utilities
4-1-2026,The Local Butcher,855.74,
3/29/2026,Local Butcher,1215.63,Utilities
4/28/2026,AMAZON UK,894.58,Supplies
2026-04-08,Sky,£86.09,Food
2026-01-01,Booker Ltd,£918,18,Utilities
22-3-2026,Heineken UK Ltd,169.23,Utilities
20/01/2026,Scottish Water,1385.58,
26-4-2026,BRITISHGAS,1215.73,Food
02/02/2026,JJ FOOD SERVICE,£1128.97,
1/25/2026,BT PLC,81.45,
2026-04-28,booker wholesale,690.38
26/03/2026,JJ FOOD SERVICE,393.97,Food
1/27/2026,Heineken UK Ltd,-1051.21,Alcohol
3/27/2026,HEINEKEN,£719.20,
1/5/2026,Sky Business,£890.90,Supplies
5-1-2026,CleanCo,733.43,Supplies
29-1-2026,Diageo,53,15,Soft Drinks
2/9/2026,Local Butcher,972.32,Alcohol
2026-02-06,CleanCo,701.86,Food
2026-03-20,J J Food,£173.77,Alcohol
2026-03-29,SCOTTISH WATER,782,16,Soft Drinks
26/04/2026,BRITISHGAS,1398.12,Food
20-3-2026,Coca Cola Europacific,89.88,Supplies
21/01/2026,diageo,496.91,
13/01/2026,Booker Wholesale,96.46,
3-4-2026,Sky Business,1057.60,Utilities
19/04/2026,Sky,679.20,Utilities
2026-04-03,The Local Butcher,1354.21,
4/12/2026,BT PLC,1102.75,Alcohol
16-1-2026,Amazon,746,36,
21-2-2026,sky,492.72,Food
2026-04-09,Booker Ltd,955.50
2026-02-28,Cleaning Supplies Co,321.99,Food
03/04/2026,AMAZON UK,406.91,Alcohol
2026-03-18,The Local Butcher,-£1234.22,Supplies
2026-03-03,SCOTTISH WATER,1050,59,
19/03/2026,Scottish Water,1276.31,
23-2-2026,diageo limited,1254,78
25/02/2026,Coca Cola Europacific,561.07
01/03/2026,booker,£595.16,Utilities
2026-03-09,BritishGas,769.43,
25/03/2026,BT PLC,1010.42,Utilities
20/01/2026,JJ Food Service,672.20,
4/16/2026,Sky,824.20,Food
3/8/2026,COCA-COLA EUROPACIFIC,837.89,
1/3/2026,BOOKER,1024.88,Food
2/22/2026,E.ON,679.13,Supplies
1/8/2026,E.ON,472.79,Food
27-2-2026,Brakes Catering,242,89,Utilities
2026-01-08,HEINEKEN UK LTD,61.31,
2026-04-13,Heineken UK,-277.09,Soft Drinks
2026-02-03,Local Bakery,£953.64,Utilities
2026-04-23,Heineken UK,491.94,
15/03/2026,Sky,1062.54,Supplies
9-2-2026,Coca Cola,1286.21,
3-4-2026,BOOKER,1217.21
3-3-2026,Coca Cola Europacific,£1264.55,
18/04/2026,Booker Ltd,657.50,Soft Drinks
25-1-2026,EON Energy,1482,91,Alcohol
2/27/2026,HEINEKEN,582.08,Food
2026-01-22,Bakery Co,1355.30,Supplies
28/02/2026,diageo limited,-238.68,Alcohol
4/26/2026,CLEANCO,-1311.77,Soft Drinks
2026-03-29,Diageo Ltd,625.62,Food
14-4-2026,BRITISH GAS,731.46,Alcohol
2026-03-04,CleanCo,-466.06,
14/03/2026,BRITISH GAS,-1129.06,
4/22/2026,AMAZON UK,371.54,Supplies
2026-02-05,BRITISH GAS,496.38,Soft Drinks
10/03/2026,BritishGas,1117.86,
2026-03-20,BT Business,219.66,
13-4-2026,Local Bakery,£1197.92,Utilities
7-1-2026,Coca Cola,606,62,Food
25/01/2026,BritishGas,1190.97,Utilities
4/20/2026,Heineken UK,1035.48,Alcohol
2026-04-13,Coca Cola,991.34,
2026-03-29,Cleaning Supplies Co,204.77,
1/12/2026,Scottish Water,£497.16,Alcohol
4/14/2026,British Gas,774.77,Alcohol
12/01/2026,Coca Cola,267.17,Supplies
24-2-2026,BT PLC,371.36,Food
5-3-2026,EON Energy,1532.07,Soft Drinks
3/28/2026,E.ON,843.66,Food
20/03/2026,Sky,422.18,Supplies
1/29/2026,BOOKER,264.38,Alcohol
3/8/2026,Diageo Ltd,£1270.74,Supplies
28-2-2026,Brakes Catering,92,84,Alcohol
2/3/2026,BT BUSINESS,107.91,Alcohol
02/02/2026,AMAZON UK,1411.91,
1/26/2026,Local Butcher,£351,59,
16/01/2026,eon energy,493.68,Utilities
28-3-2026,British Gas,591.84,Utilities
11/03/2026,BT Business,1403.64,
2026-03-10,JJ Food Service,350.29,
2/27/2026,booker,353.72,
07/04/2026,e.on,653.67,
3/13/2026,EON,1460.92,Soft Drinks
2026-03-11,BOOKER,£941,91,Utilities
2026-02-08,Coca Cola Europacific,1173,51,
2026-04-01,Amazon,151.12,Supplies
17-2-2026,Bakery Co,748.48,
1/9/2026,Heineken UK Ltd,-171.43,Food
27/04/2026,jj food service,£961.53,Soft Drinks
8-3-2026,Brakes,1232.28,Utilities
1/31/2026,Brakes,£430.18,
19/01/2026,Diageo,789.13,Utilities
2026-01-31,Amazon Business,779.04,Food
4/17/2026,Local Bakery,130.23,Soft Drinks
07/02/2026,coca cola europacific,1439.29,
20/02/2026,local bakery,725.10,Soft Drinks
2026-02-21,Coca Cola,1322.28,
10/04/2026,heineken,1184.10,
1/4/2026,Scottish Water,1262.49,
02/01/2026,The Local Butcher,1305.38,
24-1-2026,Heineken UK Ltd,£1434.83,Soft Drinks
2026-01-19,Sky Business,728.77,Soft Drinks
3/26/2026,Local Bakery,1273.54,Soft Drinks
2026-03-25,Scottish Water,£643.19,Soft Drinks
2/18/2026,Heineken UK,-£1524.84,
09/02/2026,local bakery,1219.55,Alcohol
2026-04-02,BritishGas,£1103.66,
25-2-2026,HEINEKEN,719.60,Food
16-3-2026,Amazon,£567.99,Soft Drinks
2-3-2026,The Local Butcher,899.36,Alcohol
28/01/2026,The Local Butcher,841.46,
06/01/2026,BT Business,114.29,Alcohol
2026-04-06,Brakes,881.53,
27-2-2026,SCOTTISH WATER,1225.05,Food
28/03/2026,EON Energy,£1425.70,
25-3-2026,Sky Business,1224.81,
1/16/2026,Heineken UK,476.67,
16/01/2026,JJ Food Service,892.16,Supplies
28-3-2026,CleanCo,467.08,
24-3-2026,BRAKES UK,£898.44,Food
1/30/2026,Heineken UK,429.97
4/18/2026,Amazon,1188.70,Supplies
2026-01-06,diageo ltd,486.26,
10-1-2026,EON Energy,£230.86,
2/5/2026,CleanCo,302.10,
24/03/2026,Booker Ltd,£448.39,Soft Drinks
3/9/2026,CleanCo,£699.35,Utilities
2026-04-11,Amazon,467.97,Alcohol
1/2/2026,coca-cola europacific,338,00,
2026-02-21,HEINEKEN UK,952.73,Utilities
2026-04-07,Diageo,648.24,Alcohol
20-2-2026,Sky,269.46
2026-03-09,Bakery Co,114.62
2026-02-23,COCA-COLA EUROPACIFIC,£832.24,Soft Drinks
2026-03-05,E.ON,1508.41,Utilities
1/3/2026,diageo ltd,-£638,36,
4/8/2026,Local Butcher,£837.05,
24/04/2026,Booker Wholesale,208.08
2/7/2026,Booker Ltd,174.00
3-3-2026,COCA-COLA EUROPACIFIC,647,12,Soft Drinks
18-3-2026,Heineken UK,1456.99,
4/23/2026,bakery co,108,55,Alcohol
4-1-2026,CleanCo,1523.25
12-3-2026,AMAZON UK,1442.81,Soft Drinks
3/19/2026,Brakes,1133.83,Alcohol
19/04/2026,AMAZON UK,83,74,
1/23/2026,Coca Cola Europacific,73,59,
27/03/2026,Heineken UK Ltd,£843.67,
14/02/2026,BT BUSINESS,833,34,Alcohol
3/25/2026,booker,259,61
29-1-2026,SKY,1107.82,
2026-01-25,HEINEKEN,£1360.30,
2026-04-09,BT Business,794,04,Soft Drinks
19-2-2026,CleanCo,370.58,Supplies
2026-02-18,BRAKES UK,448.55,Utilities
2026-03-08,The Local Butcher,542.88,Utilities
4/22/2026,CleanCo,1486.89,
2026-04-09,BT,£889.71,Utilities
24-1-2026,JJ Food Service,£508.96,
3/28/2026,sky,1176.22,Food
1/1/2026,jj food service,1476.71,Utilities
2026-03-02,Sky Business,-£361.74,Alcohol
3/9/2026,Booker Wholesale,£59.20,Utilities
2026-04-21,BT,251,63
16-1-2026,EON Energy,£711.11,Supplies
18/04/2026,The Local Butcher,770.22,Alcohol
1/6/2026,BRAKES UK,1544.54,Soft Drinks
2026-03-22,Diageo Ltd,1409.67,
2026-01-11,CLEANING SUPPLIES CO,-352.14,Utilities
2026-02-14,j j food,735.23,Food
1/25/2026,CleanCo,305.29,
4/1/2026,J J Food,418.14,
02/04/2026,BT Business,£176.01,Food
2/27/2026,BRAKES UK,161.02,Soft Drinks
28-4-2026,HEINEKEN,£531.33,Supplies
2/21/2026,scottish water,£440.83,Utilities
2026-04-10,BritishGas,840,99,
1/5/2026,BOOKER LTD,134,67,
30-3-2026,EON,924.43,Supplies
27-3-2026,HEINEKEN,1262.19,Alcohol
29-4-2026,Sky Business,75.33,Soft Drinks
11-4-2026,HEINEKEN,862.23,Utilities
2026-01-05,Diageo,954.74,Alcohol
2026-04-26,Brakes,1417.82,Utilities
2026-02-09,Local Butcher,813.84,Food
26/01/2026,BRITISH GAS,849,74,Alcohol
2026-02-08,British Gas,-862,45,Supplies
09/01/2026,Coca Cola,£1105.68,Food
27/04/2026,HEINEKEN,£359,24,
09/02/2026,E.ON,958.86,Alcohol
4/16/2026,BT,-858.34,Supplies
10/04/2026,EON Energy,£1084.44,
16-3-2026,E.ON,125.82,Utilities
2-1-2026,BT PLC,108.55,Food
2026-01-17,Heineken UK,343.94,Soft Drinks
2026-01-07,Amazon,897.32,Utilities
14/01/2026,British Gas,1222.98,
2/5/2026,Sky Business,£205,52,Food
2026-04-04,Sky Business,759.60,Soft Drinks
2026-01-27,Amazon Business,752.89,Soft Drinks
2026-01-04,Local Bakery,£111,02,Utilities
06/03/2026,COCA-COLA EUROPACIFIC,275.84,Utilities
20-3-2026,JJ FOOD SERVICE,131.88,Soft Drinks
2026-03-06,Scottish Water,£884.17,Alcohol
04/02/2026,Cleaning Supplies Co,1019.17,Utilities
1-4-2026,JJ Food Service,-501.19,Alcohol
2/8/2026,COCA-COLA EUROPACIFIC,1546,45,Alcohol
22/04/2026,brakes,-171.30,Food
2026-04-17,JJ Food Service,-£786.28,Alcohol
12-3-2026,HEINEKEN,£100.88,
2026-04-02,DIAGEO LIMITED,1014.78
11-2-2026,E.ON,£1393.29,Utilities
2/24/2026,Booker Wholesale,435.48,Food
2/23/2026,COCA-COLA EUROPACIFIC,929.87,
18-1-2026,JJ FOOD SERVICE,1329.00,Soft Drinks
15/03/2026,Local Bakery,350.66,Alcohol
2/17/2026,BT PLC,249.66,Utilities
24-4-2026,Coca Cola,579.12,Alcohol
3/4/2026,BritishGas,1474,86,Supplies
2026-04-10,British Gas,448.09,Utilities
19-4-2026,local bakery,1365.63,Alcohol
1/20/2026,BRAKES UK,926.86,
29-1-2026,Sky,1174.04,
2026-01-15,Bakery Co,829.54,
31/01/2026,Amazon Business,436,08,Supplies
23/03/2026,Booker Ltd,1025.13,Soft Drinks
26-2-2026,BritishGas,1031.38,Soft Drinks
28/03/2026,Amazon Business,86.56,
06/01/2026,SCOTTISH WATER,£560.82,Soft Drinks
30-3-2026,Heineken UK Ltd,188.96,
30/01/2026,heineken,945.87,Soft Drinks
30/03/2026,Cleaning Supplies Co,835.95,Food
3/6/2026,JJ Food Service,766.59,
2/10/2026,JJ Food Service,271.46,Alcohol
2026-01-30,Amazon Business,132.26,Utilities
1/17/2026,SCOTTISH WATER,101.22,
3/3/2026,CleanCo,£1465.22,Food
29-1-2026,BT,116.64,Food
2026-04-23,Booker Wholesale,189.89,
13-2-2026,EON,1418.48,Soft Drinks
2026-02-23,Brakes,133.84,Supplies
20-4-2026,BritishGas,1094.35,Food
3/10/2026,Sky Business,96.20,Soft Drinks
2026-02-15,BT Business,255,38,Alcohol
3-2-2026,BOOKER,1416.40,Utilities
3/1/2026,BOOKER,£821.62,Soft Drinks
2026-04-20,British Gas,501.58,Food
1/22/2026,BRAKES UK,152.56,
2026-03-12,BRITISHGAS,223.67,
1/9/2026,BT,£575.57,Alcohol
15-2-2026,local butcher,-164.85,
14-3-2026,BRITISH GAS,289.69,
2026-01-24,BOOKER WHOLESALE,1316.24,
3-4-2026,Local Butcher,736.05,Alcohol
2026-04-05,AMAZON UK,555.88
28-2-2026,E.ON,55.78,
2026-03-05,E.ON,525.05,Alcohol
2/5/2026,Local Butcher,694.69,
3/4/2026,COCA-COLA EUROPACIFIC,£616.93,Food
22-1-2026,Booker Ltd,878,94,
08/01/2026,Local Bakery,105.46,Utilities
24/01/2026,BOOKER,1257.41
18/01/2026,Sky Business,774.51,Food
21-1-2026,Bakery Co,68.33,Food
2026-02-23,BRITISH GAS,627.42,Utilities
18/01/2026,Brakes Catering,499.42,
2026-02-14,JJ Food Service,1503.95
8-1-2026,AMAZON UK,442.33,
26/04/2026,The Local Butcher,666.49,
2026-01-09,the local butcher,-1128.62,
2026-03-30,BT PLC,1523.53,Utilities
25/01/2026,BOOKER,524.72,Utilities
1/8/2026,BOOKER,-£1180,13,Utilities
4/1/2026,E.ON,1380.21,
2026-02-19,Sky Business,861.53,
29/03/2026,Booker Ltd,-362.78,Food
14-3-2026,BRITISH GAS,325.36,
19-2-2026,J J Food,438.85,Utilities
5-4-2026,Cleaning Supplies Co,1047.19,Food
11/03/2026,JJ Food Service,1307.60,Alcohol
4/6/2026,diageo ltd,£1141.86,Soft Drinks
28-1-2026,JJ Food Service,1017.77,
21/03/2026,CleanCo,£1028.19,Soft Drinks
2026-02-03,AMAZON UK,£986.28,Alcohol
2026-02-06,Coca Cola,1346.04,
13/02/2026,AMAZON UK,£737.56,
7-1-2026,BT PLC,1329.05,
12/03/2026,cleanco,670.92,Supplies
1-1-2026,Sky Business,474.20,
4/15/2026,AMAZON UK,1196.61
27-1-2026,Sky,1401.34,Utilities
3/6/2026,BT Business,730.63,
04/03/2026,E.ON,1094.69,Utilities
3/2/2026,JJ Food Service,£415.75,Food
2026-03-28,JJ FOOD SERVICE,-£559.27,
16/01/2026,BOOKER,£71.23,Utilities
10/02/2026,EON,£154.25
23/04/2026,EON,153.32,Utilities
2026-04-22,BRITISH GAS,413.74,Supplies
28/03/2026,EON Energy,802.56,
4/9/2026,bt business,£94.72,Utilities
26/04/2026,BRITISH GAS,£156,58,
9-3-2026,Scottish Water,345.83,
2026-02-02,COCA-COLA EUROPACIFIC,£1098.38,Soft Drinks
21-2-2026,J J Food,737,96,Soft Drinks
04/04/2026,BOOKER,935.41,
12-3-2026,Heineken UK,£795.43,
3/6/2026,Coca Cola,£1308.63,Utilities
3/30/2026,British Gas,1328.98,Alcohol
02/01/2026,BT PLC,794,64,Utilities
1/12/2026,British Gas,£1512.37,
22/02/2026,BT Business,630.19,
25-3-2026,J J FOOD,1087.40,Soft Drinks
6-2-2026,Heineken UK,472.61,Alcohol
11/01/2026,bt,£631.61,Utilities
4/18/2026,BRAKES UK,1018.70,Food
3/4/2026,J J Food,1301.00,
8-1-2026,AMAZON UK,1161.47,Supplies
13-3-2026,BT PLC,380.00
2026-03-14,Cleaning Supplies Co,706.82,
18/04/2026,BRAKES UK,911.18,
07/02/2026,BT PLC,£686.41,Supplies
1/11/2026,LOCAL BUTCHER,1123.52,
2026-01-10,E.ON,£341,41,Soft Drinks
2026-01-31,JJ Food Service,543.31,Soft Drinks
10/01/2026,Diageo Ltd,1002.31,
04/01/2026,J J Food,577.13,
4-1-2026,E.ON,437,99,Utilities
1/10/2026,Diageo,607.91,Food
2/11/2026,AMAZON UK,1459.93,
4-2-2026,BritishGas,1171,62,Supplies
4/21/2026,JJ FOOD SERVICE,130.37,Alcohol
2026-03-15,BOOKER,1531.55,Soft Drinks
04/02/2026,British Gas,794.80,Soft Drinks
09/04/2026,JJ Food Service,£237.15,Supplies
2026-01-29,Sky,835.05
4/6/2026,JJ FOOD SERVICE,£565.79,
2026-01-05,the local butcher,771,97,
1/30/2026,EON Energy,802.63,Soft Drinks
23-4-2026,J J Food,1499.42,
2026-02-17,Bakery Co,£82.94,Utilities
08/03/2026,BRITISH GAS,-809.53,Utilities
12/02/2026,The Local Butcher,64.64,
11-2-2026,Local Bakery,1383.20,Alcohol
10/01/2026,EON Energy,1361.94,Supplies
2026-04-21,AMAZON UK,208.35,Soft Drinks
1/1/2026,BOOKER,858.33,Utilities
24-2-2026,Scottish Water,1476.42,
2026-02-09,amazon uk,£323.94,Alcohol
20-4-2026,booker ltd,1085.63,Alcohol
1/20/2026,Sky Business,-797,25,Soft Drinks
2026-03-23,Amazon Business,157.83,Utilities
4/24/2026,Bakery Co,£829.43,Utilities
24-3-2026,Amazon Business,-619.84
10/04/2026,diageo,£663.73,
08/02/2026,Brakes,1397.68,Food
17/03/2026,SKY,£600.75,Food
4/16/2026,Cleaning Supplies Co,£1065,61,Supplies
1/29/2026,Brakes,643.10,Soft Drinks
2026-01-04,Sky,286,30
26-1-2026,Diageo,352,74,
4/18/2026,cleaning supplies co,1503.04,Alcohol
28/01/2026,BRAKES CATERING,626.53,Utilities
2/14/2026,AMAZON UK,£1136.88
1/8/2026,LOCAL BUTCHER,1433,76,
3/12/2026,AMAZON UK,695,56
01/03/2026,Local Butcher,123.12,
3/18/2026,CleanCo,255.68,Utilities
1/17/2026,BritishGas,£1063.96,Utilities
19/01/2026,Brakes,1296.34,
09/03/2026,JJ Food Service,376.58,Alcohol
06/02/2026,coca cola,-1324,48,
2026-03-04,local butcher,342.91,Utilities
2026-03-25,CleanCo,145,10,Soft Drinks
14-1-2026,DIAGEO LIMITED,1355.64,
20-1-2026,Brakes,1211,89,Supplies
3/1/2026,Brakes Catering,1016.29,Food
2026-03-11,British Gas,583.95,Utilities
12/02/2026,AMAZON UK,-1161.98,Food
1-2-2026,bakery co,288.77,Food
20/02/2026,SCOTTISH WATER,-1258,50,Alcohol
17-1-2026,BRITISH GAS,-£253.00,Food
04/03/2026,EON Energy,955,85,Food
2/24/2026,Coca Cola,£1330.71,Soft Drinks
18-2-2026,Sky Business,772,78,Food
2026-01-20,brakes,993.73,Soft Drinks
04/02/2026,AMAZON BUSINESS,784.60,Alcohol
05/02/2026,Sky,£1283.40,
12/02/2026,local butcher,£560.33,
1/27/2026,HEINEKEN,1126.89,Supplies
2/16/2026,Local Bakery,£502.16,Utilities
22/04/2026,Heineken UK,823,53,Food
1/26/2026,BRITISH GAS,1382.17,Food
2026-04-16,EON,70.06,Supplies
2026-04-27,E.ON,646.22
29-4-2026,Cleaning Supplies Co,746.76,Supplies
4-4-2026,BT,126.59,Food
2026-01-24,J J FOOD,1032,97,Food
29/03/2026,CleanCo,1304.42
16-3-2026,EON Energy,£977.34,
2026-02-08,BOOKER,854,19,
3/16/2026,Sky Business,213.62,Alcohol
2/8/2026,Bakery Co,-630.51,
11/02/2026,Amazon Business,336,58,Supplies
2/28/2026,Local Bakery,810.94,Utilities
2026-04-13,BT,1440,65,Soft Drinks
10-4-2026,BritishGas,-318.33,Alcohol
2026-04-06,BOOKER WHOLESALE,709,52,Food
2026-02-07,BT PLC,1171.08,Alcohol
2026-03-22,Bakery Co,235.25,Food
13-2-2026,Local Bakery,857.76,Food
29-4-2026,EON Energy,175.71,Food
2026-03-30,Heineken UK Ltd,£592.03
1/19/2026,EON Energy,£164,70,
11-1-2026,Sky,472.62,Supplies
2/1/2026,CleanCo,1255.10,Food
28-2-2026,Diageo,340.25,Alcohol
20/01/2026,BRAKES CATERING,263.37,Soft Drinks
10/04/2026,Booker Ltd,561.15,Alcohol
2/18/2026,BRITISH GAS,533.73
4/5/2026,EON Energy,1179.91
2/20/2026,Booker Wholesale,842.82,Food
2026-03-01,COCA-COLA EUROPACIFIC,£103.72,Supplies
2026-02-09,Heineken UK,1065.69,
9-1-2026,Coca Cola,£127.92,Alcohol
12/03/2026,Local Bakery,834.39,Soft Drinks
2026-02-28,BritishGas,472.45,
1/20/2026,BOOKER,126.24,Supplies
29-3-2026,BRITISH GAS,866.77,Utilities
2026-02-21,Booker Ltd,1456.13,Food
18/01/2026,Heineken UK,608.84,Soft Drinks
2026-02-23,BRAKES UK,258.55,Soft Drinks
20/03/2026,booker wholesale,1250.36
2026-03-02,CLEANCO,£1373.86,Supplies
23-3-2026,cleaning supplies co,£1006.03
23-4-2026,JJ Food Service,£744.77,Food
2026-02-07,Local Butcher,1318.09,
2026-01-21,Heineken UK Ltd,-349.94,Food
4/3/2026,Diageo,922,34,Utilities
2026-03-04,Diageo Ltd,£143,40,
17-4-2026,Scottish Water,1403.88,Utilities
06/02/2026,heineken uk,591.48,Alcohol
2026-02-24,BRITISH GAS,£296.66,Alcohol
16/03/2026,Booker Wholesale,312.99,Supplies
24-4-2026,DIAGEO LTD,889,91,Supplies
05/04/2026,Heineken UK,1167.41,
2026-04-23,Heineken UK Ltd,80.03,Alcohol
08/03/2026,SCOTTISH WATER,422.09,Soft Drinks
2026-04-02,BT,1498.00,Food
25-3-2026,BRITISH GAS,529.33,Soft Drinks
25/03/2026,Heineken UK Ltd,799.12,Supplies
2026-01-15,JJ FOOD SERVICE,£1432.46,
1/30/2026,Coca Cola,349.92,Food
2026-02-05,diageo,757.92,Alcohol
7-2-2026,British Gas,-481.74,Utilities
06/03/2026,Diageo,574,70,Utilities
23-2-2026,The Local Butcher,438.65,
23-3-2026,J J Food,291.02,
24/02/2026,Diageo Ltd,£666.09,Supplies
1/25/2026,HEINEKEN,151.71,
15-3-2026,BT Business,£483.53,Soft Drinks
27/02/2026,Bakery Co,165.28,
3/4/2026,Local Butcher,1009.87,
2026-03-09,Heineken UK Ltd,968.42,
1/7/2026,BritishGas,971.58,Utilities
4/14/2026,Sky,1498.40,Alcohol
6-1-2026,DIAGEO LIMITED,557.34,
9-4-2026,Sky,106.47,Soft Drinks
25-2-2026,Diageo,1453.63,Alcohol
2026-04-08,HEINEKEN,1065.42,
18-3-2026,Diageo,285.22,Soft Drinks
1/7/2026,Sky,980.57,Supplies
3/31/2026,booker ltd,1278.62,
2026-04-07,Booker Wholesale,466.64,Supplies
24/01/2026,Scottish Water,357,99,Utilities
2026-04-12,Scottish Water,1291.97,Alcohol
08/02/2026,J J FOOD,515.51,Utilities
2026-02-05,COCA-COLA EUROPACIFIC,806.43,Food
3/25/2026,Sky Business,975.53,Utilities
8-4-2026,EON Energy,1534.07,
05/02/2026,Local Bakery,1288.56,Alcohol
2026-04-06,Cleaning Supplies Co,666.10,Soft Drinks
2026-01-19,Booker Ltd,615.44,
12/03/2026,Coca Cola,536.49,
21/03/2026,HEINEKEN,-237.98,
27/02/2026,Amazon Business,£727,12,Supplies
9-2-2026,Cleaning Supplies Co,760.20,Supplies
1/13/2026,HEINEKEN,£1417.37,
2026-02-18,booker,536.57,
4/29/2026,Local Bakery,£728.16,Soft Drinks
3/14/2026,DIAGEO LIMITED,653.78,Supplies
2026-03-30,DIAGEO LTD,1176.84,Utilities
05/03/2026,Coca Cola Europacific,£158,41,
2026-02-24,BT,1066.79,Soft Drinks
6-2-2026,Amazon Business,£424.97,Food
5-2-2026,J J Food,£348.15,Food
1/21/2026,Booker Ltd,£197.62,Supplies
4/23/2026,Booker Wholesale,1425.59,Supplies
31-3-2026,LOCAL BUTCHER,£710.05,Alcohol
2026-03-21,Sky Business,1035.54,
1/12/2026,JJ FOOD SERVICE,£878.89,Soft Drinks
1/24/2026,BRITISHGAS,1027.60,Utilities
2/12/2026,Booker Ltd,1161.57,
4-2-2026,Coca Cola,1466.28,
09/02/2026,Bakery Co,500.07,Utilities
2026-04-11,HEINEKEN,1374,73,Utilities
1/9/2026,BT,303.76,Supplies
09/04/2026,HEINEKEN,773.45,Soft Drinks
28-2-2026,AMAZON UK,572.42,Alcohol
2026-01-18,Scottish Water,1523.58,Supplies
4/11/2026,BT,1313,54,
3/21/2026,Local Bakery,£647.23,
5-2-2026,SCOTTISH WATER,1047.51,
12/01/2026,AMAZON UK,1333.04
2026-04-17,BritishGas,473.85,Supplies
2026-04-28,BT,933.18,Supplies
11-3-2026,BRAKES UK,-1119.30,Food
24-3-2026,Sky,1549.58,Food
2026-01-12,Heineken UK Ltd,£1369.89,
20/04/2026,sky,567.92,Supplies
5-2-2026,DIAGEO,1224.33,Food
2026-04-03,Sky,459.06,Soft Drinks
6-1-2026,E.ON,945.84,Utilities
1-4-2026,Booker Wholesale,1440.40,
2-3-2026,Heineken UK,1317.28,
4/3/2026,Local Bakery,472.92,Soft Drinks
2026-01-12,Sky,1427.92,
2026-01-06,Local Butcher,£358.06,Supplies
6-3-2026,Diageo Ltd,£291.64,
29-3-2026,BritishGas,1335.20,Soft Drinks
2/11/2026,Sky Business,1357.15,Supplies
11-2-2026,Cleaning Supplies Co,768.76,Utilities
7-4-2026,cleaning supplies co,1516.63,
2026-01-02,JJ FOOD SERVICE,333.61,Alcohol
1/18/2026,bt,£1252.48,Alcohol
16-4-2026,j j food,-1212.95,
2/26/2026,JJ FOOD SERVICE,1260.13,Soft Drinks
2026-02-01,LOCAL BUTCHER,1296.07,Supplies
3/30/2026,Diageo Ltd,£781,88,
23-3-2026,Booker Wholesale,77,02,
19-3-2026,BRAKES UK,630.63,
17-3-2026,EON,682.90,
3/2/2026,JJ FOOD SERVICE,£590.35,
2026-03-21,booker,£1132.70,
1/10/2026,HEINEKEN,452.01,
27-2-2026,AMAZON UK,£512.39,
2/25/2026,SCOTTISH WATER,£1029.88,Utilities
16/04/2026,Heineken UK Ltd,994.10,Utilities
29-4-2026,Local Butcher,1348.16,
2026-02-06,BRAKES UK,122.07,
1/22/2026,BT PLC,-1442.34,Soft Drinks
2026-01-14,Scottish Water,771.04,Alcohol
24/03/2026,SCOTTISH WATER,1197.90,Soft Drinks
28/03/2026,Amazon Business,1290.12,Alcohol
2026-04-14,booker ltd,566.85
04/01/2026,Coca Cola Europacific,559.18
18-2-2026,J J Food,£1264.87,
2026-01-24,Brakes,504.14,
1/24/2026,J J Food,1194.30,
04/03/2026,BAKERY CO,1153.05,Soft Drinks
2/28/2026,Booker Ltd,£1403.48,Alcohol
3-1-2026,AMAZON UK,-498.50
2026-01-10,British Gas,787.52,Alcohol
2026-01-12,JJ FOOD SERVICE,-986.62,Alcohol
28-4-2026,Local Bakery,896,17,Alcohol
19/03/2026,EON Energy,-237.98,Food
2026-01-04,sky,880.22,
2026-03-29,BritishGas,1452.10,Alcohol
28-1-2026,Heineken UK,558.83,Utilities
29-3-2026,E.ON,1158.73,
8-4-2026,BT,1086.19,Utilities
06/01/2026,E.ON,£352.38,Supplies
4/15/2026,JJ FOOD SERVICE,1019,92,
2026-03-04,DIAGEO,1323.44,
25-4-2026,BT Business,1479.71,Alcohol
2026-03-17,COCA-COLA EUROPACIFIC,698.50,Food
14/03/2026,The Local Butcher,423.55,
12-4-2026,BRITISH GAS,63.01,
2026-03-20,Heineken UK Ltd,464.49,Food
10/04/2026,Booker Wholesale,898.22,Food
2026-04-01,Local Bakery,1146.83,Supplies
2026-01-06,Amazon,166.22,Food
2026-02-11,BOOKER LTD,1090.62,Food
1/20/2026,booker ltd,1068.51
29/01/2026,EON Energy,1471.27,Food
1/12/2026,e.on,1137.27,Food
4/3/2026,JJ FOOD SERVICE,457.96,Food
2/18/2026,BritishGas,242.25,
12-3-2026,Diageo,177.78,Supplies
2/3/2026,Sky Business,1393.73,Alcohol
16/04/2026,BT,496.17,Soft Drinks
12/02/2026,BOOKER,£861.92,Soft Drinks
2026-01-28,Cleaning Supplies Co,605.83,Utilities
6-1-2026,Amazon,313.98,
2026-01-31,BT PLC,635,79,Food
1/3/2026,BRITISH GAS,-243.23,Alcohol
22-1-2026,EON,1485.19,Supplies
4/11/2026,Diageo Ltd,1132.64,
21/03/2026,Booker Ltd,677.62,Alcohol
2026-04-21,Brakes Catering,1224.99,Supplies
4/12/2026,amazon uk,787.22,Food
3/18/2026,Sky,£484,64,Soft Drinks
1/5/2026,eon energy,£413.78
25-2-2026,EON Energy,417,49,Supplies
24-4-2026,SCOTTISH WATER,1056.29,Supplies
2026-04-26,British Gas,£534.55,Soft Drinks
6-1-2026,Diageo,1116.98,Soft Drinks
22/01/2026,BRAKES UK,884,49,
3/10/2026,Coca Cola,388.72,Alcohol
5-2-2026,diageo,1491.18,Food
17/04/2026,Diageo,956.56,
26/03/2026,SKY,287.90,Soft Drinks
3/26/2026,the local butcher,1376,09,Food
25-1-2026,BOOKER,220.44,Food
2026-04-28,british gas,£447.20,
15-3-2026,JJ Food Service,448.74,Food
14/01/2026,COCA COLA,1471.68,Soft Drinks
1/15/2026,Diageo,662,84,Alcohol
09/02/2026,SCOTTISH WATER,1177.06,Alcohol
2/2/2026,JJ Food Service,86.41,Utilities
1/9/2026,EON Energy,462.60,
27-1-2026,BritishGas,470.79,Utilities
23/04/2026,JJ Food Service,1457.03,Supplies
21/02/2026,BOOKER,869.85,
2026-03-20,Coca Cola Europacific,966.80,Supplies
4/14/2026,British Gas,£963.86,Soft Drinks
2026-01-31,BT PLC,£518.55,Utilities
4/29/2026,BRITISH GAS,582.87,Supplies
8-4-2026,CLEANING SUPPLIES CO,620.46,
3/16/2026,AMAZON UK,634.01,
4/20/2026,CleanCo,1471.03,Supplies
2026-01-13,Sky Business,£1073.25
23/02/2026,Diageo Ltd,1049.82,Soft Drinks
10-3-2026,Scottish Water,887.91,Alcohol
2026-04-20,BRITISH GAS,1335.41,Food
2026-01-09,Booker Wholesale,752.73,Soft Drinks
1/7/2026,British Gas,1059.94,Utilities
2026-01-21,BT Business,297.13,Supplies
16/02/2026,Cleaning Supplies Co,£975.71,Utilities
10/04/2026,heineken uk,£1120.44
19/02/2026,Amazon,149.56,Food
4/15/2026,The Local Butcher,751,70,Soft Drinks
1/27/2026,Sky Business,1420.98,
2/7/2026,BRITISH GAS,-1518.86,Alcohol
2026-02-01,Diageo,646,56,Supplies
04/03/2026,Diageo Ltd,759.67,Food
28/04/2026,J J Food,354.93
19-1-2026,BRITISH GAS,1385.11
1-1-2026,JJ Food Service,1526.00,Food
3/9/2026,BRAKES UK,£943.07,Alcohol
2026-01-05,Sky,111.90,
07/03/2026,eon,-1334.10,Alcohol
2026-03-21,AMAZON UK,1516.90,Food
27/02/2026,BRITISH GAS,873.46,Alcohol
2026-02-05,E.ON,209.10,
14-3-2026,Scottish Water,794.10,Supplies
27-2-2026,HEINEKEN,£1509.92,Food
11/04/2026,Diageo Ltd,£967.18
2026-01-08,Heineken UK,803.51,
22/04/2026,BT,£1007,04
3/10/2026,BT Business,612.02,Supplies
2026-02-02,Booker Wholesale,1343.83,
17/01/2026,local bakery,180.76,Supplies
10/04/2026,HEINEKEN,£1011.07,Alcohol
29-3-2026,HEINEKEN UK LTD,1496.84,Utilities
19/03/2026,bt,503.51,Soft Drinks
4/13/2026,HEINEKEN,404.19,
2026-02-17,BT,£190.46,Food
3-3-2026,E.ON,1482.68,Soft Drinks
3/4/2026,DIAGEO LIMITED,455.95,Food
1/15/2026,Bakery Co,476.90,Alcohol
2026-04-14,Brakes Catering,394.92,Supplies
1/9/2026,bt business,98.81,Utilities
1/9/2026,Bakery Co,-1465.74,Food
6-3-2026,CleanCo,£1490.44,
4/4/2026,BT,£959.23,
11-2-2026,J J Food,639.90,Alcohol
29/01/2026,Coca Cola Europacific,£296.51,Supplies
2/15/2026,COCA-COLA EUROPACIFIC,£161.48,Supplies
29-3-2026,British Gas,£278.19,Alcohol
28/04/2026,Coca Cola Europacific,1419.48,Supplies
3/6/2026,Amazon Business,798.29
2/1/2026,Cleaning Supplies Co,£1341.45,Utilities
1/18/2026,Brakes,549.46,Food
31-3-2026,Brakes Catering,385.91,
1/14/2026,Brakes Catering,-513,52
11-4-2026,Diageo Ltd,£1293.91,Alcohol
4/4/2026,BT PLC,483.12,Supplies
25/03/2026,Scottish Water,1417.75,Food
3/26/2026,Bakery Co,1094.84,
4-3-2026,Heineken UK Ltd,210,09,Utilities
2/4/2026,heineken uk ltd,964,33,
29-4-2026,Amazon,1341.02,Utilities
3/16/2026,Booker Wholesale,928.40
1-2-2026,british gas,1001.13,
2026-02-02,BT,252.43,Soft Drinks
2/12/2026,COCA-COLA EUROPACIFIC,460.42,Food
1/12/2026,BT,106.37,Soft Drinks
7-4-2026,Booker Wholesale,115,77,Supplies
9-1-2026,Cleaning Supplies Co,£639.94,Utilities
3/16/2026,E.ON,819.86,Utilities
2026-03-17,British Gas,763.56,
3/23/2026,COCA-COLA EUROPACIFIC,430.38,Food
2/10/2026,CleanCo,1397.80,Food
19-2-2026,JJ Food Service,1503,44,Soft Drinks
3/20/2026,AMAZON,-1164.88
06/01/2026,Cleaning Supplies Co,303,09,
2026-02-20,BritishGas,£252.25,Utilities
3/21/2026,Bakery Co,868.93,
2/18/2026,J J Food,1214.51,
10-3-2026,BRAKES UK,£921.89,
2026-04-18,j j food,100.45,
3/30/2026,Heineken UK,£1061.62,
2/25/2026,Booker Ltd,1184.68,
08/04/2026,Booker Wholesale,475.65,Food
2026-03-05,Coca Cola Europacific,586.77,
2026-02-09,AMAZON BUSINESS,817.16,Supplies
2026-04-15,CleanCo,645.30,Alcohol
08/04/2026,JJ Food Service,655.23,Soft Drinks
2026-02-28,J J Food,228.33,Utilities
2/14/2026,HEINEKEN,1211.50,
3/30/2026,BritishGas,1249.41,Food
3/5/2026,Heineken UK Ltd,291.21,
7-2-2026,Scottish Water,-£1284.02
13/02/2026,DIAGEO LIMITED,968.00,Soft Drinks
31/03/2026,Booker Wholesale,1510.91,Utilities
28/03/2026,AMAZON UK,761.67,Alcohol
08/03/2026,JJ FOOD SERVICE,£1360.68,Soft Drinks
2/9/2026,Sky,1481.00,Supplies
2026-01-14,E.ON,£581,91,Soft Drinks
10/02/2026,JJ Food Service,976.38,
19-1-2026,JJ Food Service,£529.10
2026-01-07,BT,£1510.03,Food
25/01/2026,Brakes Catering,351.02,
2026-02-10,Amazon,£128.60,Food
09/01/2026,SCOTTISH WATER,320.87,Soft Drinks
29-4-2026,Cleaning Supplies Co,1238.61,Supplies
13/04/2026,Amazon,£382.61,Alcohol
29/04/2026,JJ Food Service,859.16,
5-4-2026,E.ON,£173,15,
07/04/2026,HEINEKEN UK,1340.07,
2026-03-02,AMAZON,138.02,
3/26/2026,Brakes,97.31,
2026-01-01,Diageo,248.49,Utilities
11/04/2026,JJ FOOD SERVICE,1442.85,Utilities
21/03/2026,DIAGEO,1192.03,Utilities
2-1-2026,E.ON,181.19,Food
12-4-2026,CleanCo,1393.09,Utilities
7-3-2026,AMAZON,-738.64,
19-3-2026,BT,1457.39,Alcohol
3/2/2026,BritishGas,123.39,Soft Drinks
11-2-2026,Booker Wholesale,£623.81,
20-1-2026,COCA-COLA EUROPACIFIC,187.18,Utilities
2026-02-18,Booker Ltd,1251.96,Supplies
19-1-2026,Diageo Ltd,1135.26,Food
2026-01-02,Brakes,474.15,
23/03/2026,jj food service,1021.78,Alcohol
6-3-2026,Scottish Water,993.21,Utilities
08/02/2026,Booker Ltd,498.73,
1/24/2026,british gas,1442.94,Utilities
4/20/2026,brakes catering,681.61,Soft Drinks
2026-01-27,CleanCo,£115.03,Alcohol
9-1-2026,COCA-COLA EUROPACIFIC,340.88,Utilities
23/01/2026,Heineken UK Ltd,£1331.09
3-3-2026,Coca Cola Europacific,£1416.88,
2026-01-05,diageo limited,1125.66,
2026-04-13,SKY BUSINESS,1450.72,
28/03/2026,COCA-COLA EUROPACIFIC,559.27,
02/04/2026,bt plc,910.03,Alcohol
14-1-2026,Coca Cola Europacific,1115.44,Utilities
2026-04-07,BRAKES UK,1543.08,
26/04/2026,BRAKES UK,£768.58,Food
27-1-2026,JJ FOOD SERVICE,346.93,
10-4-2026,BOOKER,669.71
10/04/2026,J J Food,-1037.16,
11/01/2026,Heineken UK,1053.56,Alcohol
4/3/2026,Amazon Business,377.50,
2026-01-04,BRITISH GAS,£392.34,Supplies
24-1-2026,Booker Ltd,1101.97,Soft Drinks
17/01/2026,Bakery Co,937.91
2026-02-13,Diageo Ltd,319.77,Soft Drinks
30/04/2026,BRITISH GAS,1220.68,Alcohol
23-4-2026,BT Business,£887.42,
2026-04-17,British Gas,258.77,
24-1-2026,Heineken UK Ltd,66.32,Utilities
2/23/2026,local butcher,609.59
14-2-2026,DIAGEO LIMITED,£217.45,
20/02/2026,DIAGEO LIMITED,£916.17,Food
11/02/2026,BritishGas,155.62
2026-01-08,AMAZON UK,421.03,
2/1/2026,DIAGEO LIMITED,1479.97,
1/4/2026,jj food service,1055,93,
17/03/2026,Coca Cola Europacific,201.48,
24/02/2026,Coca Cola Europacific,663.11,Utilities
2026-03-03,J J Food,557.93,
05/02/2026,Bakery Co,130.83,Alcohol
17/04/2026,Booker Ltd,£920.29,Alcohol
24/02/2026,Brakes Catering,234.85,Soft Drinks
3/9/2026,Cleaning Supplies Co,631.70,Soft Drinks
2026-04-25,E.ON,242.92,Supplies
4/30/2026,COCA-COLA EUROPACIFIC,-782.96,Supplies
03/04/2026,E.ON,1482.83,Utilities
29/04/2026,Local Butcher,£404.60,Food
1/6/2026,Diageo Ltd,£912,65,Food
25/02/2026,DIAGEO LIMITED,£849.20,
24/03/2026,SCOTTISH WATER,£294.96
4/19/2026,Diageo Ltd,815.23,
2026-03-12,HEINEKEN UK,£148.99,Alcohol
2026-03-30,BritishGas,670.22,Alcohol
1/9/2026,DIAGEO LIMITED,1293.38,
02/03/2026,coca cola,380.43,Food
29-1-2026,sky,1305,35,Food
09/04/2026,LOCAL BUTCHER,1387.69,Soft Drinks
19-4-2026,jj food service,920.35,Soft Drinks
2/23/2026,BOOKER,1015.92,Food
23/03/2026,JJ Food Service,871,31,Supplies
3/28/2026,Coca Cola,£538.64,Soft Drinks
19-2-2026,HEINEKEN,1526.98,
28-1-2026,Sky,£1266.46,Alcohol
18/02/2026,cleanco,£1153.58,
2026-01-15,Cleaning Supplies Co,£535.93,
1/11/2026,Cleaning Supplies Co,814,08,Soft Drinks
26-4-2026,Heineken UK,£793.95,Utilities
2026-03-25,scottish water,£212,07,
2026-03-05,Heineken UK Ltd,825,54,
17/01/2026,SCOTTISH WATER,1457.28,
1/18/2026,Local Butcher,£857.87,Soft Drinks
7-3-2026,Amazon,1512.34,
1/22/2026,booker,98,08,
2026-03-16,EON Energy,600,55,Soft Drinks
3/18/2026,britishgas,143.88,Supplies
2026-01-30,The Local Butcher,767,24,
2026-02-19,DIAGEO LIMITED,1328.04,Utilities
24-2-2026,JJ FOOD SERVICE,1547,46,Alcohol
06/01/2026,SCOTTISH WATER,1507.33,Utilities
21-4-2026,Diageo,258.83,Food
1/28/2026,Coca Cola Europacific,929.06
16/02/2026,CleanCo,£1106.05
3/20/2026,Bakery Co,859,20,Food
4-2-2026,cleaning supplies co,£1182.43,Supplies
2026-03-01,Amazon,417.55,Supplies
17-4-2026,HEINEKEN,994.11
1/7/2026,Local Bakery,1406.45,Soft Drinks
2026-03-14,Local Butcher,957.63,Alcohol
1/18/2026,CLEANING SUPPLIES CO,£644.55,Food
2026-04-11,JJ Food Service,816.51,Alcohol
1-4-2026,Coca Cola,412.00,Supplies
4/10/2026,BT,154.50,Food
2026-01-02,COCA-COLA EUROPACIFIC,119.81,
18/03/2026,coca-cola europacific,256.73,Utilities
7-4-2026,EON,724.09,
16/04/2026,DIAGEO LIMITED,1484.16,Alcohol
2026-02-14,Amazon,743.99,
4/17/2026,Amazon Business,1477.86,Food
2/4/2026,BRAKES UK,191.68,Soft Drinks
22/01/2026,Diageo,1420.79,
22-4-2026,DIAGEO LIMITED,275.23,Food
9-3-2026,BOOKER,990.75,
15/01/2026,Diageo,1430.53,
2026-01-15,Booker Wholesale,191.32,Supplies
1-2-2026,CleanCo,136.16,Soft Drinks
3/20/2026,BRAKES UK,984.26,
2026-02-22,jj food service,324.09,Alcohol
28-2-2026,British Gas,1119.28,
4/4/2026,Booker Ltd,-285.51,Food
02/01/2026,sky business,289.83,
21-2-2026,e.on,671.35,Soft Drinks
11-4-2026,Coca Cola Europacific,979.17,
3/23/2026,BT BUSINESS,£1462.62,
3/8/2026,J J Food,824.67,Soft Drinks
10-4-2026,EON Energy,291.23,Soft Drinks
2026-04-28,bt plc,807.74,
01/03/2026,Diageo,285.90,
2/28/2026,CleanCo,152.62,Food
29/03/2026,Sky Business,£386.95,
13-3-2026,Scottish Water,604.25,Food
21-1-2026,BritishGas,£1378.22,Food
4/2/2026,LOCAL BAKERY,999,29,
2026-01-23,Booker Ltd,571.06,Soft Drinks
1/10/2026,JJ FOOD SERVICE,1344.48,Supplies
2026-03-08,j j food,263.84,
2026-02-03,JJ Food Service,532,87,Supplies
2026-03-03,Local Bakery,1250,10,Soft Drinks
17/03/2026,Amazon,308.37,Food
1/30/2026,BritishGas,502.48,
11-2-2026,diageo limited,659.77,
2026-04-17,CLEANING SUPPLIES CO,107.73,Supplies
2026-03-21,BritishGas,986.98,
06/01/2026,Booker Wholesale,372.45,Soft Drinks
4/25/2026,Sky,277.25,
2/9/2026,BRAKES UK,447.55,Utilities
2026-02-05,heineken uk,£736.76,Food
30-1-2026,brakes,1016.77,Supplies
3/23/2026,COCA-COLA EUROPACIFIC,1397.81,
2026-04-05,BT PLC,1415.49
2026-02-01,J J Food,982.89,Soft Drinks
2026-01-29,COCA COLA EUROPACIFIC,-724.48,
4/7/2026,SCOTTISH WATER,1485.31,Soft Drinks
4-2-2026,Booker Wholesale,-1148.46,
22-2-2026,BT PLC,£120,41,
2026-04-01,Amazon Business,324.24,
2026-02-27,SCOTTISH WATER,1327.15,Food
25-2-2026,brakes uk,£230.31,
2026-01-31,BT Business,849.59,
2026-01-01,JJ FOOD SERVICE,964.60,Soft Drinks
2/17/2026,Sky Business,£1463.33,Utilities
17/04/2026,HEINEKEN,169.51,
11/01/2026,Local Butcher,-1504,49,
12-4-2026,Heineken UK Ltd,775.02,Utilities
2026-02-16,Booker Wholesale,1110.18,Food
02/01/2026,Coca Cola,1038.64,Soft Drinks
3/25/2026,JJ FOOD SERVICE,691.84,Soft Drinks
22/02/2026,BT Business,£733.64,
2026-03-15,BT PLC,1287.26,Soft Drinks
2026-02-13,Local Bakery,1286.22,Utilities
2026-04-01,Bakery Co,1441.61,
07/04/2026,j j food,£1048.27,Supplies
25-3-2026,Heineken UK Ltd,528.44,Soft Drinks
3-3-2026,BT Business,1534.24,Soft Drinks
30/03/2026,British Gas,1261.73,Utilities
2/21/2026,JJ Food Service,1440.68,
2026-01-26,Diageo Ltd,220.45,
29/01/2026,BRAKES UK,625.07,Alcohol
1/25/2026,CleanCo,1150.40,Food
19/03/2026,Local Butcher,£523.09,Soft Drinks
1/4/2026,Local Bakery,-908.18,Food
2026-03-05,Scottish Water,405.80,Alcohol
3/15/2026,JJ FOOD SERVICE,230.53,Alcohol
2026-03-12,amazon uk,728.18,Soft Drinks
2026-01-27,The Local Butcher,630.31,
13/02/2026,COCA-COLA EUROPACIFIC,362.18,
5-4-2026,Bakery Co,896.07,Alcohol
4/27/2026,Local Bakery,728.27,Alcohol
2/12/2026,Sky,918.86,Supplies
8-2-2026,COCA-COLA EUROPACIFIC,1459,02,Soft Drinks
2026-03-06,Heineken UK,£861.99,Alcohol
30-3-2026,amazon uk,716.85,Food
01/01/2026,Scottish Water,537.72,
03/04/2026,Booker Wholesale,£585.25,
2-4-2026,BT,£608.99,Alcohol
12-2-2026,coca-cola europacific,985.55,
26/01/2026,BT PLC,890.25,Alcohol
11-1-2026,HEINEKEN,1479.59,Alcohol
20/03/2026,SCOTTISH WATER,942.99,
16/03/2026,AMAZON UK,1352,93,Alcohol
1/9/2026,Booker Wholesale,£922.42,
2026-03-07,EON ENERGY,183.51,Food
09/01/2026,cleanco,£259.05,
2/3/2026,amazon uk,£804.67,
2026-04-24,BritishGas,1392,29,Alcohol
4-1-2026,Coca Cola Europacific,1447.72,Food
19-4-2026,SCOTTISH WATER,547.54,
4/16/2026,HEINEKEN,281.99,Utilities
2026-02-10,British Gas,1420.13,Soft Drinks
2026-04-17,Brakes Catering,1497.67,Supplies
28/04/2026,Scottish Water,246.72,Alcohol
2026-01-27,BRITISH GAS,360.24,Supplies
2/11/2026,BAKERY CO,679.98,
23-4-2026,scottish water,402,43,Food
12-4-2026,BOOKER LTD,228.84,Supplies
2026-03-26,Amazon Business,512.24,Alcohol
16-4-2026,Coca Cola,50,69,Utilities
28-3-2026,Coca Cola,431.74,
30-4-2026,BT Business,1329,10,
20/01/2026,SKY BUSINESS,£594.98,
2026-03-29,britishgas,214.38,
4/24/2026,BT Business,604.14,
26-4-2026,E.ON,85.40,Supplies
9-1-2026,BT,700.70,Food
2026-03-27,Brakes,£232.59,
2026-03-10,DIAGEO LIMITED,1290.29,
26/03/2026,Brakes,1371.30,Supplies
12/01/2026,local bakery,492.30,Food
16-3-2026,JJ Food Service,1360.79,Supplies
09/04/2026,AMAZON UK,1118.86,
29/04/2026,Cleaning Supplies Co,337.85,Alcohol
22-1-2026,Scottish Water,1418,05,Alcohol
6-4-2026,Booker Ltd,£1035.76,Alcohol
31/01/2026,COCA-COLA EUROPACIFIC,87.71,Utilities
3/27/2026,BT,£947,74,
30/04/2026,Coca Cola,367.21,Utilities
6-3-2026,amazon business,866.38,Soft Drinks
2026-04-27,Coca Cola,1328.74,Alcohol
2026-04-05,Coca Cola Europacific,932.28,Supplies
18-2-2026,Sky Business,1237.71,
2026-01-10,BT Business,£291,20,Soft Drinks
21-4-2026,BRAKES,324.69,Utilities
2/14/2026,Booker Wholesale,1380.85,
17/04/2026,Brakes Catering,456.12,Supplies
31/01/2026,Diageo Ltd,1332,75,
12/03/2026,Diageo,137.64,Alcohol
13-4-2026,Bakery Co,677.99,Soft Drinks
05/02/2026,Coca Cola Europacific,423.32,Supplies
27/03/2026,DIAGEO,594.74,
3/11/2026,CleanCo,£539.15,
4-4-2026,JJ FOOD SERVICE,1495.88,Utilities
2026-04-07,The Local Butcher,1221.53,Utilities
21/01/2026,Amazon,1003.55,Soft Drinks
1/7/2026,Brakes Catering,874.66,Supplies
16/04/2026,DIAGEO LIMITED,£436.15,Alcohol
25/04/2026,Heineken UK Ltd,1170.52,
5-4-2026,cleaning supplies co,56,25,Supplies
08/01/2026,JJ Food Service,403,98,
2026-04-12,BRAKES UK,890.69,
15-4-2026,Local Bakery,814.13,
1/7/2026,BRAKES UK,1473.73,Supplies
6-4-2026,Booker Ltd,598.28,
2/7/2026,BRITISH GAS,736.84
2026-04-13,CleanCo,199.62,Food
2/14/2026,CLEANCO,£1508.06,Soft Drinks
30/04/2026,Coca Cola,136.49,Supplies
27/02/2026,Sky,1388,67,Soft Drinks
25/03/2026,BOOKER,449.08,Supplies
1/20/2026,BritishGas,1153,40,Utilities
15/02/2026,Brakes Catering,193.93,
07/04/2026,Sky,609.92
03/03/2026,BAKERY CO,£765.90
2026-02-08,Amazon Business,529.09,Utilities
1/11/2026,Amazon Business,357.56
30/01/2026,Booker Wholesale,462.69,Soft Drinks
4/4/2026,BT PLC,£1137.10,Soft Drinks
06/04/2026,BRAKES UK,£820.66,
13/02/2026,BT PLC,£704.10,Alcohol
2/14/2026,COCA-COLA EUROPACIFIC,855.68,
1/26/2026,AMAZON UK,£436.08,
19-1-2026,E.ON,1048.23,Food
26/01/2026,AMAZON,885.69,Utilities
2026-03-29,Local Butcher,£454.10,Alcohol
2026-03-15,AMAZON UK,1239,95,Utilities
2026-01-13,scottish water,1456.30,
19-4-2026,Amazon Business,201.55,
1/17/2026,DIAGEO LIMITED,802.61,
2026-01-05,BT,940.41,
09/04/2026,Coca Cola Europacific,110.25,
8-1-2026,Local Bakery,1419.94,
2-3-2026,AMAZON UK,-1373,06,Soft Drinks
3/15/2026,Local Butcher,1074.80,
10-4-2026,JJ FOOD SERVICE,1301.33,Utilities
2026-04-05,Diageo,£434.51
13/01/2026,BOOKER,596,95,Food
12-1-2026,scottish water,159,13,Alcohol
3/9/2026,DIAGEO LIMITED,1406.31,
4/10/2026,EON Energy,724.09,Supplies
1/22/2026,BOOKER,1030.80
2026-02-25,British Gas,809.77
1/29/2026,BT PLC,600,12,Food
2/24/2026,Local Butcher,£1428.59,
4/15/2026,amazon uk,91.44,
4/10/2026,JJ FOOD SERVICE,668.23,Alcohol
23/03/2026,Coca Cola Europacific,1404.43,
4/13/2026,JJ FOOD SERVICE,£960.59,
2026-01-04,J J Food,954.30,
1/5/2026,E.ON,999.13,Supplies
2026-03-19,Brakes,£262.42,
20/04/2026,Brakes Catering,1392.12,
4/21/2026,Heineken UK Ltd,218,69,
2026-04-06,EON Energy,560.35,
4/19/2026,Brakes Catering,1252.00,
4/10/2026,SCOTTISH WATER,959.28,
20/02/2026,J J Food,435.24,Supplies
22/04/2026,LOCAL BUTCHER,£311.47,Soft Drinks
2026-02-09,Sky Business,£1004.98,
4/15/2026,Coca Cola,£241.83,
3/16/2026,AMAZON BUSINESS,574.43,Soft Drinks
4/14/2026,Coca Cola Europacific,61.24,Supplies
1/27/2026,J J Food,691.71,Supplies
2026-01-02,Cleaning Supplies Co,1303.10,
2026-04-03,AMAZON UK,1289.29,Utilities
1/27/2026,Local Butcher,519.38,
4-3-2026,BT Business,-429.53,
4/25/2026,Cleaning Supplies Co,1481.26,Alcohol
2026-04-08,J J Food,136.17,
4/4/2026,EON Energy,£1065.19,
2026-03-22,BRITISH GAS,1038.81,Supplies
10-4-2026,LOCAL BAKERY,-860,31,
4/8/2026,Cleaning Supplies Co,1373.71,
1-4-2026,Coca Cola,1248.61,Alcohol
6-4-2026,scottish water,1453.00,Soft Drinks
2026-04-19,Diageo Ltd,1522.22,Food
10/03/2026,COCA-COLA EUROPACIFIC,1310.93,Utilities
26-1-2026,E.ON,£733.23,
03/04/2026,Brakes,1157,34,
2026-01-12,Booker Ltd,915.35
4/1/2026,Amazon Business,55.41,
24-2-2026,Booker Wholesale,756.95,
2026-03-03,DIAGEO LIMITED,217.13,
2026-03-31,BRAKES UK,1473.15,
2026-01-17,bt business,1120.87,
3/2/2026,CleanCo,495.40,Alcohol
20-4-2026,The Local Butcher,231.86,Supplies
18/04/2026,Local Bakery,475.16,
10-3-2026,COCA-COLA EUROPACIFIC,77.35,
2026-03-24,COCA-COLA EUROPACIFIC,1361.29,Alcohol
10-3-2026,Diageo,1032.20,Soft Drinks
2026-02-18,BRITISH GAS,£285.99,Food
31/03/2026,Brakes,£1356,85,Supplies
28-3-2026,EON Energy,504.84
06/04/2026,British Gas,£276.38,Alcohol
1/19/2026,LOCAL BUTCHER,391.26
2026-04-25,Amazon,1198.27,Soft Drinks
18-4-2026,BOOKER,262.88,Utilities
05/03/2026,DIAGEO LIMITED,920.10,Supplies
2026-01-01,Coca Cola,806,22,
02/01/2026,Coca Cola,1026.95,
28/04/2026,HEINEKEN,785.25,
22/04/2026,Brakes,-814.46,Soft Drinks
17-3-2026,HEINEKEN,704.64,
05/03/2026,Amazon Business,653,24,Food
29/04/2026,E.ON,679,18,
1/27/2026,BRITISH GAS,392.81,Alcohol
2/14/2026,BritishGas,£1175.20,
2026-02-15,Bakery Co,£1100.01,Supplies
13-2-2026,BOOKER,£806.78,
11-1-2026,Diageo Ltd,635.97,Supplies
3/23/2026,BT,80.95,Food
17-4-2026,Local Bakery,1455.45,Soft Drinks
29/03/2026,EON Energy,1427.77,Food
2026-04-06,JJ Food Service,1139.17,
03/02/2026,BT PLC,279.93,Supplies
19-4-2026,The Local Butcher,1395.19,Utilities
07/02/2026,E.ON,674.53,Soft Drinks
03/02/2026,Booker Wholesale,214.28,Utilities
21-3-2026,diageo,1134.16,Alcohol
2/1/2026,J J Food,1276.86
20/03/2026,The Local Butcher,£564.49,Supplies
12-4-2026,BT,1182.30,
1/30/2026,Brakes Catering,-1509.79,
22-1-2026,AMAZON UK,1500.11
16/03/2026,CleanCo,1061.02,Supplies
16/02/2026,Amazon,582.24,Food
22/03/2026,Scottish Water,£1302.35,Food
2/25/2026,British Gas,1228,02,Food
22-4-2026,Local Butcher,1046.11,Supplies
22/04/2026,EON Energy,£1536.51,Soft Drinks
23-3-2026,DIAGEO LIMITED,£1371.49,
3/9/2026,HEINEKEN,1548.63,Soft Drinks
01/04/2026,JJ Food Service,1229,64,Utilities
2026-01-13,COCA-COLA EUROPACIFIC,309.83,
2026-01-30,amazon uk,745.71,Utilities
3/2/2026,Local Bakery,138.56,Utilities
09/02/2026,Cleaning Supplies Co,640.50,
2026-03-25,COCA-COLA EUROPACIFIC,171.64,Supplies
8-2-2026,Amazon,418.40,Food
3/4/2026,EON,1529.18,Alcohol
25/01/2026,Brakes Catering,115.62,Food
06/03/2026,eon,-806.63,Supplies
2026-04-28,Diageo,460.93,
2026-02-24,BT,295.07,
13-3-2026,CleanCo,1377.50,Utilities
2026-04-23,Amazon,1073.48
04/01/2026,BT Business,961.54
2026-01-08,coca-cola europacific,364.63,Utilities
2026-02-11,Local Butcher,363.50,Soft Drinks
18-1-2026,THE LOCAL BUTCHER,-1190.54,Alcohol
2026-02-09,Heineken UK Ltd,£639.87,Food
21/01/2026,J J Food,1212.52,Supplies
20-2-2026,BT PLC,£1288,94,Supplies
1/18/2026,Amazon,592.43,Alcohol
19-4-2026,Brakes,155.39,
2/3/2026,EON,786.81,Food
1/10/2026,EON,156.88,
8-2-2026,Booker Ltd,£1052.12
2026-03-09,Diageo,658,07,
3/25/2026,E.ON,£945.74,Supplies
4/14/2026,BT,-1004.03,Supplies
2026-04-05,COCA-COLA EUROPACIFIC,337.40,Soft Drinks
23/03/2026,Bakery Co,£1249.32,Supplies
2026-02-26,BRAKES UK,1157.19,
17-2-2026,Diageo Ltd,£613.39,Food
02/04/2026,Heineken UK Ltd,1203.33,Alcohol
4/17/2026,brakes uk,518.06
2/3/2026,Cleaning Supplies Co,1391.47,Soft Drinks
29/03/2026,EON,310.30,
2026-04-19,HEINEKEN,1036,30,Soft Drinks
2026-04-15,scottish water,677.42,Food
13/01/2026,EON Energy,1281,65,Soft Drinks
4/14/2026,Diageo Ltd,£1387,20,Utilities
03/03/2026,E.ON,£821.80,
3/10/2026,Booker Wholesale,234.09,Food
1/13/2026,EON Energy,£380.28,
1-2-2026,EON,53.00,
1/25/2026,COCA-COLA EUROPACIFIC,721.13,Alcohol
29/03/2026,brakes catering,1295.70,
2026-03-02,Booker Wholesale,649,02,Alcohol
15-2-2026,Coca Cola,1337.34,Alcohol
2026-04-04,BT BUSINESS,1341.42,Alcohol
3/5/2026,BRAKES UK,-£777.99,Soft Drinks
1/3/2026,eon,£181.30,Alcohol
15-4-2026,Coca Cola Europacific,£1164.16,
3/24/2026,Heineken UK,£804.76,Utilities
18-2-2026,BT Business,733.42,Alcohol
2026-01-18,JJ FOOD SERVICE,62.98,
9-3-2026,HEINEKEN UK,378,52,Utilities
2026-02-28,CleanCo,1171.30,
2026-01-09,CleanCo,822.76,
24/01/2026,CleanCo,394.18,
2026-04-10,AMAZON UK,142.65,Soft Drinks
4/8/2026,Booker Wholesale,611.57,Utilities
2026-02-02,COCA-COLA EUROPACIFIC,258,99,
12/04/2026,Cleaning Supplies Co,918.79,
16-3-2026,Cleaning Supplies Co,1444.75,
1/22/2026,Diageo Ltd,514.11,Food
07/03/2026,bakery co,405,43,Utilities
25/01/2026,Local Bakery,1538.16,
22-1-2026,E.ON,165.97,
2026-03-15,EON,-995.08,
19-1-2026,Diageo Ltd,580.74,Utilities
3-1-2026,Brakes Catering,1083.34,Utilities
2026-02-13,Bakery Co,1203,31,Soft Drinks
16/01/2026,Bakery Co,1024.61,Supplies
2-3-2026,Cleaning Supplies Co,1139.33,Alcohol
4/6/2026,Brakes Catering,1185.91,Alcohol
28-2-2026,Local Bakery,£723.39,
2026-04-28,BT,378.81,Food
26-3-2026,Diageo,89.42,Utilities
31/01/2026,diageo ltd,567.19
2/11/2026,E.ON,£556.51,
1/15/2026,Brakes,1211,84,Food
4/21/2026,LOCAL BAKERY,-832.43,
05/02/2026,BRAKES,-118,85,Utilities
1/8/2026,The Local Butcher,£631.45,Utilities
17/03/2026,JJ Food Service,-955.50,
06/01/2026,EON,1290,88,
2026-03-03,Amazon,-£244.41,
9-4-2026,AMAZON BUSINESS,1235.59,
26/04/2026,DIAGEO LIMITED,550.69,Alcohol
14/02/2026,Diageo Ltd,359.36,
6-1-2026,BRAKES UK,£1035.74,Soft Drinks
1/9/2026,Heineken UK Ltd,163.92,Supplies
12/01/2026,Brakes,1468.91,Food
2026-04-08,BT PLC,932.06,Soft Drinks
2026-04-20,BT,647.31,
17/01/2026,British Gas,£1417.24,Soft Drinks
4/7/2026,Scottish Water,666.42,Utilities
2026-02-20,JJ Food Service,£512,11,Utilities
2026-03-05,Cleaning Supplies Co,1171,96,Soft Drinks
18/04/2026,Scottish Water,224.14,Alcohol
19-1-2026,BRITISH GAS,£310.40,
13/04/2026,HEINEKEN UK,£1150.61,Supplies
10-3-2026,BT,753.84,
07/02/2026,CleanCo,893.51,Supplies
17/03/2026,JJ Food Service,477.69,Soft Drinks
13/04/2026,BRAKES UK,£293.77,Utilities
17-4-2026,BRITISH GAS,£917.61,
2026-03-03,diageo,472.78,Supplies
4/29/2026,DIAGEO LIMITED,£820.91,
3/26/2026,SCOTTISH WATER,£112.86,Supplies
4/1/2026,HEINEKEN,-1485.16,Food
1/24/2026,Local Bakery,332.32,
10-1-2026,J J Food,1251.46,Utilities
2026-01-13,BritishGas,£1327,99,
2/20/2026,Coca Cola Europacific,672.14,Supplies
19/02/2026,The Local Butcher,652.58,Utilities
23-1-2026,BRAKES UK,£1249.35,Supplies
06/03/2026,bt business,238.46,Soft Drinks
3/4/2026,AMAZON UK,238.58,Alcohol
3-3-2026,Sky Business,747.68,
12/02/2026,Amazon,£1189.37,
2026-04-18,Diageo Ltd,186.33
2026-01-29,Sky,1505,81,Utilities
15/03/2026,BRITISH GAS,398.47,Food
10/03/2026,Bakery Co,1045.48,
27-1-2026,E.ON,473.01,Soft Drinks
1/19/2026,Local Butcher,£590.04,Food
13/03/2026,BRITISH GAS,1463.92,Alcohol
31-3-2026,EON,480.23,
3/22/2026,E.ON,£585.98,Soft Drinks
20-2-2026,Sky Business,887.12,
23/02/2026,AMAZON UK,1190.41,Alcohol
04/03/2026,EON Energy,333.96,Soft Drinks
1/12/2026,EON Energy,£921,17,
28-1-2026,E.ON,78.29,Soft Drinks
09/01/2026,BT Business,433,39,Alcohol
2026-01-11,HEINEKEN,592.86,
15-1-2026,BritishGas,66.42,
20/01/2026,Coca Cola,347.82,
13-2-2026,BT PLC,1466.04,
1/21/2026,Coca Cola,635.51,Food
10-1-2026,Sky Business,999.16,
3/10/2026,Diageo Ltd,1520.63,Soft Drinks
27-3-2026,amazon uk,292.17,Alcohol
2026-01-25,diageo ltd,£1411.65,
4-4-2026,Scottish Water,£474.00,Supplies
2/4/2026,CleanCo,85.89,Food
6-4-2026,COCA-COLA EUROPACIFIC,£1509.64,
2026-02-15,Cleaning Supplies Co,388.81,Food
4/19/2026,BRAKES UK,1515.66,Utilities
2026-03-28,AMAZON UK,£136.61,
2026-02-10,Diageo Ltd,818.14,
2026-03-08,EON,1445.58,Food
28-3-2026,Local Bakery,£715.44,
29/04/2026,DIAGEO LTD,1465.55,Food
2026-04-29,coca-cola europacific,1046.48,Utilities
11/01/2026,Local Bakery,£1389.49,Alcohol
21/04/2026,BT PLC,75.80,Soft Drinks
2026-04-06,Brakes Catering,-1440.78,
14-1-2026,J J Food,£1241.36,Supplies
2026-03-24,BritishGas,668.80,Soft Drinks
1/2/2026,DIAGEO LIMITED,334.32,
21/03/2026,AMAZON BUSINESS,1042.77,
2026-02-16,BritishGas,1048.14,Utilities
22-2-2026,British Gas,1356,35,Food
8-4-2026,Brakes Catering,290.42,Alcohol
2026-01-25,BT Business,470.86,Soft Drinks
2026-03-20,Amazon Business,897.53,Alcohol
2026-02-02,Booker Wholesale,952.55,Alcohol
27/04/2026,Sky,726.44,
20-3-2026,Booker Ltd,949.51,
28/04/2026,JJ FOOD SERVICE,328.65,
2026-03-02,BRAKES UK,£1495.33,
4/26/2026,BT Business,1326.41,
12/04/2026,Brakes,140.85,
2/7/2026,BRAKES UK,934.22,Alcohol
1-4-2026,Sky,1480.16,Food
21/04/2026,Sky Business,823.04,
08/01/2026,The Local Butcher,344,34,
2026-02-15,Cleaning Supplies Co,477.08,
2026-03-25,amazon,1072.30,
2026-02-05,Cleaning Supplies Co,466.48,Soft Drinks
4-4-2026,Scottish Water,815.37
6-1-2026,Sky,£1085.03,Supplies
2026-01-02,british gas,1327.70,Supplies
27-1-2026,Local Bakery,1475.29,
3/14/2026,Coca Cola Europacific,-807.56,
2/2/2026,Local Butcher,106.84,Utilities
13-2-2026,DIAGEO LIMITED,303.37,Food
2026-03-09,E.ON,581,79,
1/4/2026,Booker Wholesale,1520.14,
2026-01-22,Local Butcher,369.13,Supplies
1/18/2026,British Gas,1007.54,Alcohol
2026-04-23,Local Bakery,£1331.68,
1/25/2026,COCA-COLA EUROPACIFIC,1245.16,Soft Drinks
2026-02-17,Amazon,£1492.26,
17-3-2026,Booker Ltd,1269.42,Soft Drinks
15/04/2026,AMAZON UK,305,15,Utilities
23-3-2026,SCOTTISH WATER,1370,02,
1/26/2026,DIAGEO LIMITED,1285.42,Supplies
18-3-2026,Heineken UK Ltd,£963.34,Utilities
21/02/2026,BRAKES UK,807.84,Food
04/01/2026,BritishGas,£100.69,Alcohol
26/01/2026,Bakery Co,534.37,Utilities
3/4/2026,Diageo Ltd,981.69,Supplies
2026-01-10,Sky Business,1144.80,Utilities
16-2-2026,British Gas,1219.64,
2026-02-05,sky business,£1473.58
24-2-2026,BOOKER,1166.75,Utilities
2026-02-03,BRITISH GAS,1322.33,Utilities
3/10/2026,Booker Wholesale,£838.31,Supplies
25-4-2026,EON Energy,998.31,Supplies
16-4-2026,BT PLC,1142.37,
02/02/2026,brakes uk,175.84,Supplies
4/17/2026,HEINEKEN UK,398,84,Food
2026-03-17,BT PLC,514.96,Utilities
28/04/2026,booker,1268.19,Supplies
16/03/2026,HEINEKEN,1171.07,
22/04/2026,BT,633.61,Soft Drinks
2026-04-08,heineken uk ltd,£737.27,Supplies
29-3-2026,BT Business,985.47,Soft Drinks
2026-01-08,AMAZON,1022,49,Alcohol
1/12/2026,Brakes,1342.20,Supplies
30-1-2026,E.ON,£1025.83,Supplies
2026-01-30,BT Business,£1358.56,Soft Drinks
17/02/2026,DIAGEO LIMITED,1314.76,
2026-01-05,E.ON,1326.74,Soft Drinks
3/8/2026,Brakes,733.53
18/01/2026,Diageo Ltd,-1385.28,
30-4-2026,Diageo,£239.45,
11-4-2026,EON,1234,17,
2026-01-09,Heineken UK Ltd,657.39,Food
11/04/2026,AMAZON UK,£937.62,
29/03/2026,Diageo,801,61,Alcohol
2026-02-28,Local Butcher,896.46,Supplies
2026-03-04,Booker Wholesale,843.83,Soft Drinks
01/03/2026,BOOKER,530.10,Alcohol
4/18/2026,BT Business,£1298.75,Supplies
3/4/2026,DIAGEO LIMITED,848.99,
18/03/2026,BT PLC,1405.10,
2/15/2026,JJ FOOD SERVICE,1244.21,Utilities
7-3-2026,heineken uk ltd,1428.66,Supplies
2/5/2026,CLEANING SUPPLIES CO,1114.02,Alcohol
2026-01-04,The Local Butcher,£1407.66,Soft Drinks
1-3-2026,AMAZON BUSINESS,889.80,Alcohol
3/29/2026,jj food service,1491.01,Food
2026-03-29,BRITISH GAS,1117.41,
4/19/2026,Amazon Business,-£219.14,Soft Drinks
15/03/2026,BT PLC,462.75,
15-1-2026,bt,1127.95,Soft Drinks
15-4-2026,J J FOOD,-912.29,Supplies
18/03/2026,Cleaning Supplies Co,960.27
3/12/2026,eon,1117.50,Alcohol
11-2-2026,booker wholesale,1456.57,Food
1/6/2026,BT PLC,-1243.18,
2/16/2026,Cleaning Supplies Co,£854.61,
23/04/2026,JJ FOOD SERVICE,478.96,Supplies
15-2-2026,E.ON,1246,49,Alcohol
2026-01-07,BRITISH GAS,£269.70,
2026-02-20,Scottish Water,663.83,
19-4-2026,heineken,1133,25,Alcohol
2026-03-28,JJ FOOD SERVICE,222.24,
4/10/2026,JJ Food Service,281.91
2/26/2026,bt,101.28,Alcohol
13-1-2026,E.ON,1439.70,Soft Drinks
2026-02-16,DIAGEO LIMITED,781.88,
6-2-2026,JJ FOOD SERVICE,1385.38,Alcohol
1/6/2026,BT Business,326.13,Supplies
1/1/2026,Heineken UK,1390.02,Supplies
14/04/2026,JJ Food Service,£1201.44,Food
23-3-2026,BOOKER WHOLESALE,93.37,
4/27/2026,SKY BUSINESS,£1301.19,Alcohol
11-3-2026,JJ Food Service,144.34,
2026-03-09,brakes catering,£333,60
20-3-2026,BRITISH GAS,1145.04,Alcohol
13-4-2026,Heineken UK,786.94,Supplies
14/04/2026,CleanCo,600.03,Supplies
3/11/2026,Sky,556.65
2-4-2026,Heineken UK,£572.44,Food
2/20/2026,Coca Cola,1195.38,Supplies
8-2-2026,Scottish Water,165.99,Utilities
1/23/2026,AMAZON UK,-1145.39,
2026-03-01,HEINEKEN,336.29,Soft Drinks
22-2-2026,Heineken UK,-974.55,Soft Drinks
25/02/2026,Scottish Water,£54.70,
17/01/2026,Amazon,1022.87,Utilities
8-3-2026,BOOKER,£870.47,Alcohol
2/6/2026,SCOTTISH WATER,-£635.91,
2026-02-22,BT PLC,1373.45,
3/3/2026,brakes catering,589.18,
1/22/2026,JJ FOOD SERVICE,369.49,Utilities
27/01/2026,DIAGEO LIMITED,980.71,Soft Drinks
1-1-2026,amazon business,£1248.96,Utilities
7-4-2026,SCOTTISH WATER,1308.00,Food
18-3-2026,Coca Cola,1003.50,Supplies
27-4-2026,J J Food,£936.76,Utilities
12-1-2026,Coca Cola Europacific,558.52,Alcohol
4/27/2026,Diageo Ltd,1288.50,Soft Drinks
11/03/2026,COCA-COLA EUROPACIFIC,848.36,
3/3/2026,BRITISH GAS,928.56,
30/01/2026,Bakery Co,1242.92,Alcohol
03/04/2026,BT PLC,562.49,Utilities
2026-04-23,BritishGas,933,60,Food
2026-03-13,BT Business,302.51,
1/15/2026,BT PLC,261.76,
1/24/2026,cleaning supplies co,1010.05,
07/04/2026,JJ Food Service,1433.94,Alcohol
3/4/2026,Diageo,786.63,Utilities
28/04/2026,Amazon,£415,15,Alcohol
30-3-2026,BRAKES UK,£306.44,
3/17/2026,Amazon,1348.96,Food
1/25/2026,Brakes Catering,1519.21,Food
5-3-2026,Bakery Co,374.72,
2026-03-01,JJ FOOD SERVICE,958.38,Supplies
4/16/2026,Amazon Business,703.99,Alcohol
13-2-2026,E.ON,653.22,Supplies
24-2-2026,Diageo Ltd,569.44,
4-3-2026,Brakes Catering,1078.49
06/04/2026,BRAKES UK,1068.38,Alcohol
22/03/2026,Booker Wholesale,757.21,Utilities
4/15/2026,BRAKES UK,1190.22,Alcohol
15/01/2026,Cleaning Supplies Co,1245.55,Food
27/02/2026,Amazon Business,£293.55,
10-4-2026,BOOKER WHOLESALE,806.72,Food
2/22/2026,AMAZON UK,215.74,Supplies
3/18/2026,BOOKER LTD,246.54,Soft Drinks
04/03/2026,bt,108.63,Food
02/01/2026,BRITISH GAS,553.26,Soft Drinks
1/22/2026,Diageo Ltd,564.24,Alcohol
19/04/2026,Booker Wholesale,394.59,
08/03/2026,COCA-COLA EUROPACIFIC,1093.25,Utilities
02/03/2026,Bakery Co,239.70,Supplies
4/27/2026,EON Energy,850.74,
5-4-2026,J J Food,£358,92
4/22/2026,BT Business,£799.62,Utilities
25-2-2026,BRAKES UK,1495.15,Alcohol
25-4-2026,COCA COLA,604.52,
18-3-2026,COCA-COLA EUROPACIFIC,507.90,
2026-01-04,Booker Ltd,185.71,Alcohol
2026-03-31,HEINEKEN UK,1514.15,
18-3-2026,Brakes Catering,-£1234.94,Utilities
2026-03-09,LOCAL BUTCHER,1370.44,
10/02/2026,Diageo Ltd,279.20,Supplies
08/02/2026,EON ENERGY,605,16,Utilities
8-1-2026,BRAKES UK,£1136.77,Utilities
3/12/2026,Heineken UK,1215.35,Food
1/14/2026,Heineken UK Ltd,793.29,Alcohol
3/13/2026,Coca Cola Europacific,1416.42,
20-1-2026,Sky Business,-220,86,Alcohol
22/03/2026,Amazon Business,661.56,Alcohol
2026-01-13,BritishGas,239.04,
2026-01-10,local butcher,750.31,Alcohol
01/01/2026,SCOTTISH WATER,431.34,Soft Drinks
22-4-2026,Cleaning Supplies Co,1369.86,Alcohol
2/14/2026,The Local Butcher,724.74,
4/18/2026,Diageo Ltd,1294.54,Alcohol
21/02/2026,DIAGEO LIMITED,£74.09,
09/02/2026,COCA COLA,-£57.99,Soft Drinks
2026-02-27,Coca Cola,£945.66,Utilities
2026-04-21,SCOTTISH WATER,273.18,
5-2-2026,DIAGEO LIMITED,850,86,Food
2026-02-06,BT PLC,1512.26
2/3/2026,JJ FOOD SERVICE,111.17,Food
2026-02-03,EON,1305.85,Supplies
3/15/2026,AMAZON UK,643.05,Alcohol
06/01/2026,Scottish Water,837.09,Food
1/2/2026,britishgas,625.20,
14/03/2026,Amazon,1464,95,Supplies
11-3-2026,Amazon,-1132.48,Soft Drinks
2026-01-30,Local Bakery,£279.84,
2/13/2026,Booker Ltd,-966.42,Utilities
9-3-2026,Sky Business,964.16,Soft Drinks
15-3-2026,Diageo,-273.77,Alcohol
2026-01-10,Heineken UK,£958.70,Food
19-3-2026,SKY BUSINESS,411.57,Alcohol
3/10/2026,BRAKES UK,1405.26,Utilities
30/04/2026,EON Energy,£680.28,Utilities
2026-01-07,E.ON,£346.01,
17/02/2026,coca cola,1202.45,
28-4-2026,BRITISH GAS,£375.84
13-2-2026,Heineken UK,£985.56,Utilities
26/02/2026,Sky,898.80,
2026-03-22,Coca Cola Europacific,£1337.09,Alcohol
2026-03-04,EON,1530.02
20/04/2026,Sky,£636.86,
1/9/2026,SCOTTISH WATER,1391.22
16-2-2026,Scottish Water,362.07,Food
4/10/2026,Coca Cola,£1347.42,
1/25/2026,THE LOCAL BUTCHER,390.57,Food
2026-02-26,BT,£147.27,Utilities
4/7/2026,Local Butcher,1226.55,Supplies
2026-04-20,CleanCo,91.96,
24/03/2026,Diageo Ltd,£901.45,
2026-01-01,BritishGas,154.12,Utilities
9-4-2026,Coca Cola Europacific,1109.53,Soft Drinks
4/21/2026,EON,£1459.41,Supplies
2026-04-18,Sky,1422.66,Supplies
2026-02-12,The Local Butcher,580.05,
2026-03-16,BRAKES UK,949.77,
24-3-2026,JJ Food Service,138.96,Alcohol
03/02/2026,diageo,£1231,32,
4/10/2026,BRITISH GAS,£845.77,Utilities
6-4-2026,Sky Business,£269.93,Supplies
3-4-2026,AMAZON UK,1119.38,Food
28-3-2026,BT Business,1445,95
2026-02-26,Heineken UK Ltd,356.92,Utilities
2026-01-06,brakes,105,99,Food
11/03/2026,brakes,£823.82,Food
5-4-2026,AMAZON UK,-1537.45,
7-1-2026,sky business,207.50,Alcohol
16-3-2026,Coca Cola Europacific,174.15,Food
09/04/2026,Heineken UK,84.72,
28-1-2026,Booker Ltd,643,77,
2/19/2026,COCA COLA EUROPACIFIC,470.47,Soft Drinks
2026-01-20,AMAZON UK,814.50,
3/28/2026,HEINEKEN,876.40,Utilities
2026-04-25,Amazon,£397.95,
15-4-2026,Diageo,281.08,Supplies
03/02/2026,booker,1048.79,Utilities
2026-03-24,BRITISHGAS,1485.11,Food
2026-03-29,EON,927.25,Soft Drinks
2026-01-02,Coca Cola Europacific,363.35,Supplies
23/03/2026,Diageo,£765.30,Utilities
29-4-2026,Local Butcher,479.78,
1/28/2026,Booker Wholesale,786.54,Alcohol
1/9/2026,Booker Wholesale,1219.62,
2026-01-13,BRAKES UK,941.80,Soft Drinks
6-4-2026,EON,-620.45,Food
2026-03-09,Diageo Ltd,1082.03,
15/04/2026,Amazon,960.32,Supplies
3/9/2026,Heineken UK,278.49,Food
15/03/2026,booker wholesale,£484.08,Supplies
3/17/2026,Amazon Business,528.28,Alcohol
17-4-2026,BOOKER,354.77,
2026-01-21,HEINEKEN,72.38,Supplies
4/21/2026,Booker Ltd,980.05,
25-3-2026,Scottish Water,£1332.28,Soft Drinks
4/14/2026,J J Food,£550.46,Soft Drinks
9-1-2026,Amazon,1290.98,
2026-02-20,amazon business,127.46,
2026-03-29,BOOKER,613.83
20/04/2026,The Local Butcher,503.40,Utilities
2026-02-05,scottish water,1072.15,
11-2-2026,Heineken UK Ltd,758.75,Soft Drinks
20/02/2026,Amazon,177.43
23/01/2026,amazon business,£593.08,Supplies
2026-03-05,SCOTTISH WATER,£567.67,Soft Drinks
17-1-2026,Sky Business,-1007.97,
2026-02-03,EON Energy,82.07,
24-1-2026,Brakes Catering,1449.11,Soft Drinks
29/03/2026,DIAGEO LIMITED,-1191.84,Soft Drinks
22-2-2026,BT,1295.81,Utilities
2/6/2026,brakes catering,246.95,Utilities
3-3-2026,Sky Business,798.17,Food
23-3-2026,Brakes Catering,385.02,
21/04/2026,local bakery,1328.67
9-2-2026,Sky Business,£820.88,Alcohol
27-2-2026,EON ENERGY,1142.99,Alcohol
2/23/2026,Coca Cola Europacific,-758,70,
17/01/2026,Heineken UK Ltd,1107,93,Soft Drinks
1/30/2026,Booker Wholesale,£1387.84,Alcohol
01/04/2026,JJ FOOD SERVICE,343.54,Alcohol
1/4/2026,JJ FOOD SERVICE,£1280.05,
08/01/2026,BRAKES CATERING,311.72
22/02/2026,Heineken UK,1375.29,Supplies
2026-04-22,DIAGEO,373.77,Supplies
6-4-2026,cleaning supplies co,1514.78,
2026-01-18,Local Bakery,333.35,
17-2-2026,Amazon Business,195.96,
2026-03-28,AMAZON UK,1238.46,Utilities
2026-03-04,brakes uk,236.81,
11/03/2026,Booker Wholesale,900.57,Soft Drinks
2026-04-26,Amazon,235,71,
2026-02-12,COCA-COLA EUROPACIFIC,622.68,Alcohol
2026-03-09,LOCAL BAKERY,283.46,Food
2/25/2026,BT,1333.88,Soft Drinks
18/04/2026,Local Bakery,1284.36,Supplies
27/01/2026,Bakery Co,£1107,58,Utilities
27-2-2026,local butcher,779.31,
4/21/2026,british gas,1003.17,Supplies
2026-02-26,SCOTTISH WATER,1147.42,Soft Drinks
1-3-2026,BOOKER,448.88,
16-4-2026,BritishGas,1357.96,Food
3/26/2026,CleanCo,310.80,Alcohol
2/9/2026,BRITISH GAS,£685.32,
2026-01-04,Diageo Ltd,68.28,Soft Drinks
2026-01-13,british gas,-338.57
21/03/2026,Diageo,1197.43,Utilities
7-4-2026,Bakery Co,799.49
17/02/2026,BOOKER,687.36,Utilities
2026-02-09,e.on,-1045.60,
3-3-2026,Amazon,1106.73,Supplies
21/01/2026,Brakes Catering,846.46,Soft Drinks
3/13/2026,DIAGEO LIMITED,747.52,Soft Drinks
19-3-2026,Amazon Business,1004.36,Utilities
2026-04-04,Local Butcher,-137,00,Supplies
2026-04-24,Local Bakery,£1142.39,Soft Drinks
2026-04-26,Cleaning Supplies Co,-224.32,Supplies
2026-02-07,JJ FOOD SERVICE,1376.76,Supplies
1/23/2026,JJ FOOD SERVICE,1263.64,Soft Drinks
19/03/2026,Local Bakery,255.59,
22/02/2026,JJ FOOD SERVICE,994.84,Utilities
20-4-2026,JJ FOOD SERVICE,1534.20,Alcohol
11-1-2026,Brakes,£803.25,Food
09/03/2026,EON Energy,1180.65,Soft Drinks
6-1-2026,Brakes,£325.64,Alcohol
2/22/2026,AMAZON UK,257.99,Food
4/4/2026,EON,818.47,Food
22-3-2026,EON ENERGY,453.08,Alcohol
4/30/2026,Heineken UK Ltd,588.31,Supplies
13/03/2026,Local Butcher,77.71,Alcohol
1/8/2026,Sky Business,384.46,
1/23/2026,BOOKER WHOLESALE,£1147.05,
23-1-2026,BRITISH GAS,62.80,Utilities
4/28/2026,Local Bakery,390,88,
2026-03-31,AMAZON UK,£137,08,Food
1/14/2026,AMAZON BUSINESS,813.97,Supplies
4/23/2026,HEINEKEN,£863.93,
09/02/2026,BRAKES UK,554.96,Food
3/8/2026,Bakery Co,1536.58,Alcohol
2026-04-05,Sky,987,63,Supplies
2/1/2026,BritishGas,£1012.39,Food
23-3-2026,Local Bakery,947.02,Soft Drinks
3/4/2026,Heineken UK,£310,48,
18-2-2026,coca cola,914.29,Supplies
2026-02-14,Local Butcher,-£619.23,Alcohol
2026-03-31,HEINEKEN,638,36,Food
02/04/2026,Local Butcher,1033.36,Soft Drinks
3/9/2026,DIAGEO LIMITED,1483.05,Utilities
23-3-2026,Coca Cola,243.53,Soft Drinks
28-2-2026,Local Butcher,752.44,
09/03/2026,BRAKES UK,1377.09,
2026-04-06,HEINEKEN UK,998,18,Soft Drinks
2026-04-25,HEINEKEN UK,89.20,Food
2026-03-05,CleanCo,739.61,
2026-03-27,Coca Cola Europacific,1279.63,Supplies
2026-02-17,BOOKER,250.23,
15/04/2026,HEINEKEN,1487.73,Alcohol
1/21/2026,Brakes Catering,702.24,Soft Drinks
2/5/2026,Amazon,497.19,
2026-04-05,BRITISH GAS,825.81,Food
11/02/2026,BOOKER,£65.30,Soft Drinks
2/5/2026,J J Food,776.85,
05/01/2026,DIAGEO LIMITED,£51.43
2026-03-10,Heineken UK Ltd,1035,09,
2/21/2026,BRAKES UK,87.24,
3/5/2026,BRITISH GAS,1263.63
22/02/2026,JJ Food Service,1074.30,
20-2-2026,J J Food,1296.09,
2026-04-12,coca-cola europacific,821.47,
3/15/2026,Diageo,£723.20,Food
3/2/2026,HEINEKEN,659.45,Alcohol
29/04/2026,Scottish Water,157.32,Alcohol
24-4-2026,Sky Business,-628,32,Utilities
8-1-2026,DIAGEO LIMITED,£1355.60,Alcohol
2026-03-31,BOOKER,812.70,Utilities
2026-01-08,E.ON,534.86,Alcohol
3/20/2026,AMAZON UK,£446.86,
16-4-2026,BT PLC,969.01,
24-1-2026,J J Food,464.05,Soft Drinks
09/02/2026,Sky Business,1114.96,Utilities
2026-04-01,BOOKER,£330.35,Alcohol
4/19/2026,the local butcher,750.44,Food
2/26/2026,The Local Butcher,632.18,Utilities
25-1-2026,BRITISH GAS,1474.20
15-3-2026,Brakes Catering,950.87,Utilities
02/03/2026,Booker Wholesale,214.45,Utilities
3/2/2026,Booker Wholesale,1441.84,Alcohol
2-3-2026,Diageo,-£1059.60,
10-2-2026,AMAZON UK,£187,50,
14-1-2026,HEINEKEN,97.44,
26-1-2026,BRAKES UK,1401.05,Food
2026-01-10,jj food service,£716.12,Food
4/9/2026,SCOTTISH WATER,1038.13,
2026-03-26,Brakes,384.00,Soft Drinks
2026-02-07,Cleaning Supplies Co,1053.11,Food
9-2-2026,Cleaning Supplies Co,269.68,Food
3/2/2026,Sky Business,1079.02,
15/01/2026,EON,828.39,Soft Drinks
3/1/2026,JJ FOOD SERVICE,£569.23,
2/14/2026,BT PLC,289,33,Alcohol
03/03/2026,AMAZON UK,£1260.91
1/13/2026,Amazon Business,1013.32,Alcohol
2026-02-15,Brakes Catering,£294.93,Soft Drinks
11-4-2026,bt plc,664.75,
1/2/2026,Coca Cola Europacific,940.51,
22/02/2026,JJ FOOD SERVICE,1249.15,Utilities
2026-02-08,BRAKES UK,897.55,Utilities
26/01/2026,BT Business,-391,62,
1/11/2026,cleanco,943.28,Supplies
4/9/2026,Diageo Ltd,£784.44,Utilities
4/6/2026,AMAZON UK,1421.79,Soft Drinks
17-3-2026,Booker Wholesale,71.96,
2026-04-25,SCOTTISH WATER,688.98,Alcohol
24/04/2026,Diageo,1232.77,Alcohol
2026-03-29,Amazon,1221.15,Food
2026-02-25,Scottish Water,1541.40,Supplies
2/3/2026,J J FOOD,603,33,Soft Drinks
2/9/2026,Coca Cola Europacific,146.38,Alcohol
4/16/2026,British Gas,1342.40,Soft Drinks
20-1-2026,Brakes,328,79
2026-03-26,Cleaning Supplies Co,1286.29,
2026-03-13,Local Bakery,450.88,Alcohol
3/24/2026,Scottish Water,506.23,Food
3/11/2026,CleanCo,994.31,Soft Drinks
20/04/2026,BOOKER LTD,-287.63,Soft Drinks
3/6/2026,Sky,1233.73,
7-2-2026,EON Energy,51.64,Utilities
1/12/2026,BritishGas,£448.28,
25/04/2026,Booker Wholesale,£1448.75,Food
29/04/2026,Amazon Business,391.85,Food
2026-04-06,E.ON,250.91,
2/3/2026,Heineken UK,752.68,Soft Drinks
3/8/2026,heineken,248.78,Soft Drinks
19/01/2026,LOCAL BAKERY,1388,27
1/19/2026,EON Energy,293.04,Alcohol
04/02/2026,Heineken UK Ltd,£897.60,
15-2-2026,Booker Ltd,98.17,Alcohol
2026-03-19,Booker Wholesale,663.53,
1/21/2026,BRAKES UK,-1302.70,
3/14/2026,JJ Food Service,1302.04,Alcohol
25/04/2026,DIAGEO LIMITED,533.67,Soft Drinks
2/9/2026,Scottish Water,1477.42
10-2-2026,Heineken UK Ltd,491.94,Alcohol
2026-03-01,COCA-COLA EUROPACIFIC,1496.99,Soft Drinks
26-1-2026,E.ON,229.16,Supplies
3/10/2026,scottish water,£1297.12
3-2-2026,Heineken UK Ltd,542.33,Utilities
24-2-2026,Bakery Co,181.55,
06/01/2026,COCA-COLA EUROPACIFIC,432.50,
2026-01-04,LOCAL BAKERY,£1511.90,Food
26-3-2026,Diageo,1243.34,Food
2026-02-08,JJ FOOD SERVICE,1029.65,
2026-02-18,The Local Butcher,323.82,Food
2026-01-01,SCOTTISH WATER,893.37,Soft Drinks
3/18/2026,BRAKES UK,1443.06,Supplies
2/20/2026,Booker Wholesale,123,81,
22-2-2026,HEINEKEN,240.85,Alcohol
4/2/2026,British Gas,£826.64,Soft Drinks
1/21/2026,JJ FOOD SERVICE,349.97,Food
2026-01-01,BRITISH GAS,476.64,
4/9/2026,BRAKES,449.01,
4/11/2026,Local Butcher,-£165.66,Supplies
5-4-2026,CLEANING SUPPLIES CO,£1101.26,Soft Drinks
22-1-2026,BRAKES UK,£671.29,Soft Drinks
2026-03-19,BRAKES UK,817.50,
2026-03-28,British Gas,1395.80,Utilities
28-2-2026,HEINEKEN,-332,97,Supplies
5-1-2026,coca-cola europacific,93.13,Utilities
2026-02-15,Bakery Co,£628.58,
2026-02-08,BOOKER,306,92,Food
1/26/2026,Sky,471.59
2026-02-10,SCOTTISH WATER,1157.01,Utilities
1/13/2026,Brakes Catering,£1530.71,Soft Drinks
19/01/2026,JJ Food Service,£1492.93,
4/5/2026,Heineken UK Ltd,336.89,
20-3-2026,amazon business,461.20,Alcohol
2/21/2026,Cleaning Supplies Co,£76.16,
1/31/2026,Cleaning Supplies Co,1228,38,
1/20/2026,BRAKES UK,604.78,Soft Drinks
4/22/2026,AMAZON UK,623.47,Soft Drinks
25-4-2026,Local Butcher,1507.62,Soft Drinks
2026-02-15,booker wholesale,£1545.83,
27-3-2026,Amazon Business,914.34,Supplies
2026-04-13,Booker Ltd,1487.10,
4/25/2026,BOOKER,£521.23,
2026-03-18,THE LOCAL BUTCHER,534.51,
2026-04-08,SKY,559.21,Food
2026-04-16,AMAZON,1226.00,Alcohol
2/26/2026,Coca Cola,422.51,Food
4/28/2026,BT,209.08,Soft Drinks
22/02/2026,EON Energy,744.28,Alcohol
14/04/2026,Bakery Co,-1523.40,
2026-03-11,BritishGas,577.90,
2026-03-26,BOOKER WHOLESALE,602.02,Alcohol
22/01/2026,Amazon Business,1538.35,Soft Drinks
2026-04-05,SCOTTISH WATER,-972.01,Soft Drinks
2026-04-20,BRAKES UK,1160.48,Utilities
14-3-2026,BT Business,509.43,Alcohol
2026-04-21,Diageo,1262.95,Soft Drinks
4/10/2026,Local Butcher,-613.20,Food
4/12/2026,Sky Business,696.64,
25/04/2026,british gas,1030,71
17-4-2026,Bakery Co,207.86,Soft Drinks
14/02/2026,BRITISH GAS,1347.28,
02/04/2026,British Gas,570.16,Supplies
04/02/2026,Sky,£1490.86,
3/20/2026,JJ FOOD SERVICE,493.92
23/01/2026,British Gas,£1393.10,
2026-02-14,British Gas,-£596.49,Supplies
16/04/2026,Diageo,878.32,
17/02/2026,CleanCo,708.23,Utilities
2026-01-18,The Local Butcher,1191.64,
19-4-2026,Local Bakery,400.43,Supplies
2026-01-25,HEINEKEN,474,83,Supplies
23/04/2026,Diageo Ltd,870.08,
23-4-2026,DIAGEO,504.52,
26-4-2026,Diageo,597.84,Utilities
05/02/2026,jj food service,504.89,
1/26/2026,BRITISH GAS,1526,32,
20/02/2026,Diageo Ltd,£1511.89,Alcohol
03/04/2026,Local Butcher,1204.78,Alcohol
31/03/2026,JJ FOOD SERVICE,1138.73,Utilities
1/25/2026,COCA-COLA EUROPACIFIC,£303,31,
22/01/2026,The Local Butcher,570.92,Alcohol
15/02/2026,SCOTTISH WATER,888.13,
13/03/2026,E.ON,1306.77,Utilities
3-2-2026,BRITISH GAS,£1481.25,
4/27/2026,Coca Cola Europacific,230.86,Supplies
25-3-2026,SCOTTISH WATER,617.19,Supplies
15-3-2026,Sky Business,577.67,
1/13/2026,Booker Ltd,127.81,
05/02/2026,DIAGEO LIMITED,932.35,Soft Drinks
2026-03-17,British Gas,473.52,Food
06/04/2026,SCOTTISH WATER,£138.75,Soft Drinks
2026-04-19,Coca Cola,£1177.46,Soft Drinks
29/03/2026,BT Business,£1261.63,Soft Drinks
7-2-2026,SCOTTISH WATER,£1504.02,Supplies
1/14/2026,DIAGEO LIMITED,386.05,Alcohol
2026-04-23,DIAGEO LIMITED,1340.74,Soft Drinks
2/3/2026,Heineken UK Ltd,736.44
10-4-2026,BOOKER,169.39,
2026-04-08,CleanCo,246.76,Food
2/16/2026,Cleaning Supplies Co,£576,84,Supplies
15/03/2026,CleanCo,107.39,
2026-01-09,BT PLC,730.10,Soft Drinks
23-2-2026,jj food service,522.31,Soft Drinks
4/4/2026,BOOKER LTD,424.48,Utilities
28/02/2026,Brakes,418.76,Alcohol
21-4-2026,Diageo Ltd,1297.25,Soft Drinks
26-2-2026,Bakery Co,223.55,
14/02/2026,amazon,345.74,Supplies
2026-01-11,British Gas,161.96,Food
4/12/2026,Sky Business,291.32,
3/27/2026,AMAZON UK,1090.70,Alcohol
16-2-2026,The Local Butcher,142.77,
1/30/2026,Booker Ltd,1297.96,
4/4/2026,COCA-COLA EUROPACIFIC,1440.31,Supplies
2026-01-25,Coca Cola Europacific,708.45,Soft Drinks
2/11/2026,Coca Cola,69.46,Food
2026-01-23,EON Energy,456,52,Supplies
2026-02-22,Heineken UK Ltd,-69.14,Supplies
28-1-2026,BT PLC,397.91,Alcohol
2026-04-20,brakes uk,1414.09,Soft Drinks
2026-02-19,Bakery Co,1183.19,Supplies
5-4-2026,EON,1420.18,Food
1/31/2026,CleanCo,958.54,
2026-02-13,Booker Wholesale,852.71,
1-4-2026,Coca Cola Europacific,1115.45,Food
1/2/2026,BritishGas,63.95,Supplies
01/04/2026,BRAKES UK,856.49
22-4-2026,HEINEKEN,716.40,
2026-03-17,BT,940.63,Utilities
2026-02-18,AMAZON UK,589,11,Food
4/23/2026,British Gas,1539.17,Supplies
1/9/2026,bt,246.24,Utilities
4-1-2026,BritishGas,£672.07,Soft Drinks
1/30/2026,BritishGas,-343.07,Alcohol
4/22/2026,Heineken UK,127,90,Food
07/04/2026,Cleaning Supplies Co,904.75,
15-4-2026,Cleaning Supplies Co,248.95,Alcohol
18/01/2026,Coca Cola Europacific,1359.13,Soft Drinks
,,,,
INVALID ROW
123,ABC