DATE,SUPPLIER,AMOUNT,
1/9/2026,Sky Business,1524.86,Utilities
2026-03-30,Local Bakery,246.79,Soft Drinks
10-3-2026,Cleaning Supplies Co,394.63
2026-04-03,BritishGas,701.61,Supplies
4/1/2026,Diageo Ltd,1155.15,Soft Drinks
23/03/2026,Sky Business,937.53,
1/11/2026,The Local Butcher,£505.38,Soft Drinks
11-3-2026,CLEANING SUPPLIES CO,575.43,
5-2-2026,BRITISH GAS,£548.42,Utilities
2026-03-21,E.ON,£1021.33,Supplies
5-3-2026,Local Bakery,464.48,Supplies
2026-01-22,JJ Food Service,182.22,Utilities
2/4/2026,sky,712.44,
2/17/2026,HEINEKEN,680.02,Utilities
2026-01-20,britishgas,347.42,
09/03/2026,scottish water,95.88,Utilities
03/03/2026,British Gas,1241.02,Alcohol
3/5/2026,Local Butcher,1209.44,
1/5/2026,JJ Food Service,633.21,Food
2026-03-18,J J FOOD,£135.32,Utilities
2026-03-06,Heineken UK,1531.54,Supplies
07/01/2026,BRAKES UK,1443.63,Food
19/03/2026,BRITISHGAS,1152.71,Alcohol
11/02/2026,BT Business,139.66,Alcohol
28-1-2026,Booker Wholesale,179.09,Utilities
2026-04-15,JJ FOOD SERVICE,1433.39,Supplies
1/17/2026,J J FOOD,1342,82,Supplies
2026-01-04,BRITISH GAS,845.17,Alcohol
2026-02-19,Local Bakery,1430.60,
4/7/2026,booker ltd,£710.50,Soft Drinks
3/11/2026,diageo,1042,97,
21-2-2026,SKY,590.83,
3/24/2026,Heineken UK Ltd,632.83,
12/03/2026,The Local Butcher,1374.56,Utilities
10/02/2026,SCOTTISH WATER,390.74,Alcohol
14/01/2026,jj food service,1248,25,
3/8/2026,Heineken UK Ltd,248,18,
18-2-2026,booker,£87.22,Utilities
27-3-2026,BOOKER,800.65,
2026-03-12,Booker Wholesale,775.10,
2026-04-13,COCA-COLA EUROPACIFIC,550.95,Supplies
2026-01-01,Coca Cola Europacific,938,22,
13-4-2026,EON Energy,135.61,
2026-01-06,coca cola europacific,464,51,
14/03/2026,Coca Cola,92.46,
2026-02-04,COCA-COLA EUROPACIFIC,309,63,Soft Drinks
1/14/2026,Scottish Water,313.57,Supplies
04/01/2026,amazon uk,232.46,
25/02/2026,Diageo,1469.22,Utilities
24-4-2026,SCOTTISH WATER,915.16,Food
1-4-2026,SCOTTISH WATER,£1386.23,
13/04/2026,Booker Wholesale,1094.54,Supplies
4/2/2026,BT,£607,79,
13/03/2026,EON,1471.30,Supplies
31/03/2026,Bakery Co,223.55,Soft Drinks
09/02/2026,Brakes Catering,1458.12,
2/8/2026,BritishGas,1497.67,Supplies
4/5/2026,COCA-COLA EUROPACIFIC,93,90,
26/04/2026,Booker Ltd,331.05,Soft Drinks
02/04/2026,BT Business,179.72
04/03/2026,DIAGEO LIMITED,388.27,Utilities
23-2-2026,BT,563.22,Soft Drinks
4/29/2026,diageo limited,1236.93,
13-2-2026,EON,1514.43,
1/18/2026,EON,1005.97,Utilities
28-3-2026,E.ON,£261.20,
2026-02-26,booker ltd,78.63,
1/18/2026,BT,£217.30,Alcohol
16-4-2026,Amazon Business,£1300.90,Utilities
28-1-2026,Local Bakery,711.76,
11-3-2026,BOOKER,706.51,Alcohol
3/9/2026,Diageo Ltd,587.27,Utilities
28-3-2026,British Gas,1079.57,
06/04/2026,BRITISH GAS,-565.14,
4/17/2026,Booker Wholesale,1455.16,Soft Drinks
2026-02-03,CleanCo,£1372.50,Food
3-2-2026,Local Bakery,1295.45,
3-2-2026,DIAGEO LIMITED,1354.97,
2/3/2026,Diageo Ltd,827.06,Utilities
23/03/2026,Heineken UK Ltd,339.14,Soft Drinks
15-2-2026,CleanCo,708.60,Food
2026-01-25,CLEANCO,-1235.71,Food
2026-01-04,BOOKER,£594.06,Supplies
4/11/2026,BRITISH GAS,£1483.65
9-2-2026,The Local Butcher,1304.45,Supplies
29-4-2026,brakes uk,550.60,Food
3-3-2026,coca cola,988.67,Alcohol
9-4-2026,Sky,406.58,Soft Drinks
10/03/2026,Sky Business,1007.87,Food
16/03/2026,BOOKER,1173.08,Supplies
11/03/2026,Local Butcher,837.16,
2026-03-05,Brakes,1151.62,
2026-03-29,EON,453.29
22-2-2026,DIAGEO LTD,117.73,Food
2026-02-06,BT PLC,£1526.63,
4/21/2026,booker,£1433.99,Supplies
1/11/2026,booker,£532.67
2/22/2026,Local Butcher,£1051,97,Supplies
2026-03-03,BRITISH GAS,£947.66,Utilities
2026-03-19,CleanCo,-1078.96,
21-2-2026,Cleaning Supplies Co,1323.16,Alcohol
19/03/2026,Brakes Catering,821,09,
25/04/2026,Sky,581.70,
2026-03-27,J J Food,-694.37,
2026-04-19,The Local Butcher,1028.42,
24/02/2026,The Local Butcher,878.35,Utilities
7-3-2026,SCOTTISH WATER,446.69,Alcohol
12/03/2026,HEINEKEN,911.84,
26-2-2026,Bakery Co,640,79,
2026-01-23,BRAKES UK,1223.47,
13/03/2026,E.ON,812,93,Food
3/24/2026,Local Butcher,943.89,
2026-01-05,Sky,523,63,
4/8/2026,Amazon,980.77,
21/01/2026,Brakes Catering,947.18,Supplies
4/29/2026,CleanCo,523.53,
2/2/2026,BRAKES UK,1331.84,Supplies
1/15/2026,HEINEKEN UK LTD,£544.16,Supplies
1/6/2026,Amazon Business,1398.98,Utilities
8-2-2026,HEINEKEN UK LTD,£227.17,Food
20/04/2026,Sky,£971.60,
1/20/2026,BRAKES,1061.21,
09/02/2026,J J Food,1165.56,Alcohol
2026-03-06,BT PLC,1112.34,Alcohol
19/04/2026,Booker Ltd,1241,84,
2/5/2026,Coca Cola Europacific,£547.04,
28/02/2026,J J Food,976.55,
29/03/2026,Amazon,1151.40,Supplies
16-2-2026,Coca Cola,-314.01,
3/4/2026,Amazon,1333.56,Food
2/26/2026,Brakes Catering,1414.68,
1/3/2026,BOOKER,470.94,Alcohol
2026-02-10,Heineken UK,356.83,
17/04/2026,SKY,-1474.18,Utilities
2026-02-01,Local Bakery,£1288,73,Supplies
1/14/2026,bt plc,933.04,Supplies
2026-04-03,HEINEKEN UK,£278,00,
9-1-2026,J J Food,1422.99,
3-2-2026,sky business,248.83
2026-04-05,Coca Cola,302.60,Soft Drinks
18-1-2026,BT,176.34,Food
24/01/2026,Coca Cola,861.66,
17-1-2026,BT Business,-£467.19,Utilities
2026-02-25,COCA-COLA EUROPACIFIC,376.07,
3/13/2026,Scottish Water,790.51,Soft Drinks
21-2-2026,Diageo,1254,31,Alcohol
2/26/2026,JJ FOOD SERVICE,£792.11,Supplies
10-3-2026,AMAZON UK,£1271.79,Soft Drinks
30-4-2026,E.ON,699.40,
14/01/2026,DIAGEO LIMITED,55.73,Alcohol
03/02/2026,Cleaning Supplies Co,1198.46,Supplies
2-3-2026,Diageo,519.53,
2026-02-25,JJ FOOD SERVICE,1434,31,Supplies
2/5/2026,EON Energy,581.49,Alcohol
06/01/2026,Coca Cola Europacific,496,93,Food
3/15/2026,BOOKER LTD,1452.40,
29-1-2026,Amazon Business,532.57,
4/8/2026,EON,1363.87
23/03/2026,scottish water,1150.64,Alcohol
2/16/2026,SCOTTISH WATER,719,29,
2026-04-01,Booker Ltd,796.46,
12-1-2026,Brakes,612.60,Utilities
26/01/2026,heineken uk,£1138.37,
2/15/2026,Sky Business,852.02,Utilities
1/11/2026,Bakery Co,£1246.55,Food
2026-03-23,Coca Cola,1543.80,
2026-04-09,sky,874.22,
18/02/2026,E.ON,£173.35,
12/04/2026,Brakes Catering,994.10,Alcohol
3/5/2026,The Local Butcher,-284.99,
2026-02-07,Amazon Business,423.73,
19-4-2026,Brakes,923.82,Supplies
1/7/2026,Bakery Co,1421.40,
2026-02-12,SCOTTISH WATER,678.86,
2026-02-20,Local Butcher,345.88,Utilities
2026-04-16,Diageo Ltd,105.41,Utilities
2026-03-11,EON Energy,1013,50,Alcohol
8-3-2026,EON Energy,741.93
16/02/2026,BRAKES UK,495,38,Soft Drinks
14/04/2026,Diageo,847.32,Utilities
2026-03-31,AMAZON BUSINESS,569.68,Food
24/03/2026,scottish water,259.43,Alcohol
4/12/2026,Local Bakery,-451.12,
18/04/2026,British Gas,1466.88,Soft Drinks
16/04/2026,AMAZON UK,474.94,
21-3-2026,JJ Food Service,-£1519.96,
29-3-2026,DIAGEO LIMITED,374.17,
13/02/2026,Sky,239.28,Food
4/2/2026,Heineken UK,496.33,Supplies
26/01/2026,Amazon,-£1025.24,
23-1-2026,E.ON,1186.04,
4/13/2026,JJ FOOD SERVICE,-£714.77,
1/25/2026,E.ON,263.67,Soft Drinks
08/02/2026,HEINEKEN,479.17,Utilities
6-1-2026,sky,605.87,Soft Drinks
04/02/2026,Booker Wholesale,1406.42,
11/03/2026,Sky Business,932.24,Soft Drinks
4/7/2026,BOOKER,571.58,Utilities
1/16/2026,Cleaning Supplies Co,1005.68,
25/02/2026,Sky Business,783.93,
20-1-2026,BT Business,1389,16,Food
20-4-2026,The Local Butcher,754.02,
2026-04-02,Diageo Ltd,£1488.87,Utilities
2026-01-16,Local Butcher,£1058.27,
2026-04-08,EON Energy,-1208.55,
13/03/2026,CleanCo,1482.57,
2-1-2026,BRITISH GAS,1411.33,Soft Drinks
2026-01-04,Cleaning Supplies Co,888.34,
13/01/2026,BT Business,502.62,Supplies
2/19/2026,Amazon,1377.74,Supplies
7-1-2026,Amazon,395,16,Supplies
2026-01-02,BritishGas,122.50,Food
17/04/2026,Diageo,751.05,Soft Drinks
2026-03-30,Coca Cola,1278.06,
18/04/2026,Amazon,-£239,09,Soft Drinks
14/03/2026,SCOTTISH WATER,925.16,
27/01/2026,Local Bakery,£1204.44,Utilities
2026-03-19,BT Business,967.41,
23/04/2026,BOOKER,1055,95,
4-2-2026,Heineken UK,1074.67,
27/03/2026,BOOKER,308.19,Utilities
2026-03-08,British Gas,1267.99,
01/01/2026,Booker Wholesale,1077.61,Food
2026-03-11,The Local Butcher,1292.28,Soft Drinks
11-4-2026,JJ Food Service,464.75,Food
4/10/2026,AMAZON UK,278.10,Alcohol
13-4-2026,BRAKES UK,514.28,Alcohol
15-3-2026,BT,654.82,Soft Drinks
30-4-2026,sky,1373.28,Food
23-2-2026,BRAKES UK,1297.11,Food
31/03/2026,J J FOOD,1432.37,
2026-03-18,Booker Wholesale,963.34,
4-4-2026,Booker Ltd,£227.15,Food
3/7/2026,JJ FOOD SERVICE,213.22,
17/01/2026,BRAKES UK,941.52,
10/02/2026,COCA COLA,566.78,
15/04/2026,Brakes Catering,84.51,
2026-04-20,Diageo,932,19,Alcohol
4/5/2026,E.ON,£487.45,Supplies
12/03/2026,J J Food,£618.79,Alcohol
3/11/2026,SCOTTISH WATER,263.34,
27/04/2026,EON,910.79,Supplies
12-2-2026,JJ FOOD SERVICE,125.64,
22/04/2026,Amazon,1107,13,
2026-01-15,E.ON,1215.16,Utilities
2026-04-09,BT Business,996.65,Utilities
2026-04-13,Booker Ltd,1298.84,Soft Drinks
2026-03-15,Local Butcher,63.39,Alcohol
2026-02-16,Sky,£658.84,
25-1-2026,british gas,1430.28,Soft Drinks
4/25/2026,HEINEKEN,£796.31,Supplies
2026-02-21,HEINEKEN,1130.53,
2026-04-01,BRAKES UK,£1065.00,Supplies
16-3-2026,Heineken UK Ltd,196.09,Food
27-3-2026,British Gas,1317.04,
09/03/2026,BRITISH GAS,408.17,Supplies
1/6/2026,EON Energy,1548,41,
2026-04-21,Coca Cola,770.68,
28/02/2026,COCA-COLA EUROPACIFIC,333.12,Supplies
11/03/2026,heineken uk,1258.78,Utilities
3/15/2026,Coca Cola Europacific,1351.95,
1/2/2026,CleanCo,-1150.96,Food
2026-04-05,BRITISH GAS,760.52
3/12/2026,BOOKER,533.29,Food
02/02/2026,J J FOOD,1339.68,
2026-02-21,EON Energy,1397.06,
3/17/2026,EON Energy,£135,96
7-4-2026,Bakery Co,1486.70,Food
2026-04-14,Local Butcher,1218.09,Soft Drinks
2/9/2026,BT,1174.41,Food
3-3-2026,Sky,229.62,Utilities
31-1-2026,Coca Cola Europacific,50.29,Supplies
1/7/2026,Scottish Water,251,81,Food
9-2-2026,Cleaning Supplies Co,663.61,Alcohol
2026-02-18,DIAGEO LTD,1264.39,Food
02/04/2026,CleanCo,1417.83,Soft Drinks
7-1-2026,Coca Cola,540.01,Alcohol
06/01/2026,bt,1330,96,Food
13/01/2026,EON,908.31,Food
14/04/2026,BritishGas,743.84,Food
2026-03-15,The Local Butcher,£1273.73,Alcohol
2026-02-07,J J Food,421.60,Supplies
2026-04-22,CleanCo,1427.97,Supplies
3/30/2026,SCOTTISH WATER,408.86,Utilities
3/17/2026,Diageo Ltd,531.78,
23/02/2026,BRITISH GAS,541.97,
16-1-2026,Local Bakery,1108.38,Food
9-4-2026,British Gas,700.99,
8-1-2026,HEINEKEN,-722.48,Food
2026-03-03,SCOTTISH WATER,1533.57,
2026-01-03,Amazon Business,1137,08,
4/13/2026,BOOKER,£1278.67,Food
2026-02-11,BT Business,1510.94,
11/04/2026,EON ENERGY,858.63,Soft Drinks
4/9/2026,HEINEKEN,1107.25,Supplies
19/02/2026,CLEANCO,£1231.92,Utilities
29-3-2026,Amazon,£1302.17,Soft Drinks
28-1-2026,DIAGEO LIMITED,722.57,Food
27-4-2026,COCA-COLA EUROPACIFIC,-1314.23,Utilities
24-1-2026,heineken uk ltd,1534.40,Soft Drinks
2026-02-15,BT Business,189.60,
27/03/2026,british gas,-871,98,Soft Drinks
31/03/2026,BOOKER,£868.65,Food
2/3/2026,booker ltd,1155,12,Supplies
25-4-2026,EON,£350.38,Utilities
11/01/2026,COCA-COLA EUROPACIFIC,1054.54,Alcohol
2/22/2026,JJ Food Service,£1126.61,Utilities
06/04/2026,Diageo Ltd,£899.22,Supplies
2026-02-16,British Gas,1205.17,Supplies
21/01/2026,The Local Butcher,781.19,
2026-01-06,local bakery,853.55,
07/04/2026,BRAKES CATERING,359.95,Utilities
2026-01-26,Brakes,792.47,Soft Drinks
2026-02-06,The Local Butcher,965.62,
02/04/2026,j j food,£462.44
2026-04-26,CLEANCO,£1075.10
12-3-2026,Local Butcher,62.87,Utilities
3/27/2026,Sky Business,£694.79,Food
17-4-2026,The Local Butcher,1052,54,Food
19-3-2026,AMAZON,831.55
03/01/2026,JJ Food Service,121.50,
2026-03-24,J J Food,1082.98,Food
4-3-2026,CleanCo,513.09,Supplies
23-1-2026,BRITISH GAS,271.00,
1/24/2026,Booker Wholesale,1542,61,
07/02/2026,Heineken UK Ltd,864.93,Soft Drinks
26-1-2026,Bakery Co,1526.90,
3/10/2026,Cleaning Supplies Co,1271.57,Utilities
27-3-2026,HEINEKEN,142.76,Utilities
3/12/2026,LOCAL BAKERY,387.87,
4/12/2026,BT Business,560.45,
6-4-2026,SCOTTISH WATER,527.40,Utilities
4/7/2026,Amazon Business,492.70,Utilities
09/01/2026,British Gas,120.29,Alcohol
4/16/2026,Amazon,-£1029.26,Soft Drinks
2/25/2026,British Gas,609.01,Supplies
10-1-2026,BRITISH GAS,699.92,Food
3-1-2026,Bakery Co,1507.57,Soft Drinks
23/02/2026,BT Business,526.46,
2/6/2026,Local Bakery,1448.58,Soft Drinks
04/04/2026,Brakes Catering,1478.56,Utilities
10-3-2026,jj food service,884.03,Food
26-3-2026,EON Energy,1405,70,Alcohol
23-2-2026,BOOKER,£243.65,Alcohol
2/21/2026,Scottish Water,1527.07,Utilities
2026-03-16,HEINEKEN,£994.45,Food
2026-01-31,The Local Butcher,618.96,Soft Drinks
2026-03-26,Heineken UK,1391.21,Alcohol
2026-01-08,COCA COLA EUROPACIFIC,1030.46,Alcohol
4/4/2026,Amazon,443.85,Food
01/03/2026,Heineken UK,1018.04,Soft Drinks
2026-01-28,JJ FOOD SERVICE,874.38,
4-2-2026,Sky,552.18,Food
02/03/2026,J J FOOD,£256.01
15-1-2026,EON,1077.66,Utilities
4/15/2026,EON Energy,118.54,Soft Drinks
2026-03-18,Sky Business,£1371,42,Alcohol
2026-03-16,Sky,247.62,Soft Drinks
24-1-2026,Coca Cola Europacific,1419.89
09/04/2026,Diageo,1484.08,Utilities
2026-04-06,EON,127.32,Supplies
01/04/2026,Diageo,-1141.31,Utilities
13/04/2026,Amazon Business,1187.07,Food
14-1-2026,British Gas,£1376.68,Supplies
23/02/2026,AMAZON BUSINESS,£647.46,Supplies
2026-03-26,jj food service,1108,03,
2026-02-01,Local Butcher,1254.67,Utilities
3/16/2026,EON,£1351.19,Utilities
2026-01-10,Diageo,1198.11,Utilities
25-2-2026,BritishGas,267.35,Food
13-1-2026,Scottish Water,698,82,
2-3-2026,Local Butcher,£373.30,
2026-02-21,AMAZON UK,669.61,
03/01/2026,BT,376.37,Supplies
27-3-2026,British Gas,1020.16,Alcohol
21-1-2026,The Local Butcher,1196.91,
22/04/2026,J J Food,957,72,Alcohol
2/13/2026,Local Bakery,229.26,Utilities
2026-04-26,Sky Business,1357.16,Utilities
2026-04-09,Sky,955.76,Supplies
1/8/2026,scottish water,387.77,
26/03/2026,bt,329.85,
3/15/2026,EON,£1143.85,Alcohol
21-1-2026,BRAKES UK,673.51,Supplies
1/23/2026,Local Bakery,£961.78,
3/9/2026,BritishGas,948.98,
29/04/2026,LOCAL BAKERY,1042.77,Utilities
2026-02-13,heineken uk,727.96,
4/29/2026,DIAGEO LIMITED,974.36,Alcohol
2026-01-13,BAKERY CO,153.81,Utilities
13/01/2026,BritishGas,557.64
4/8/2026,coca cola,£1374.77,Food
3/10/2026,Booker Ltd,543.60,Soft Drinks
13-4-2026,Cleaning Supplies Co,1066.95,Soft Drinks
14-3-2026,BOOKER,61.46,Utilities
2026-02-07,Sky Business,£446,20,
2026-03-15,BT PLC,-£534.16,
2026-01-26,HEINEKEN,422.14,Supplies
23-3-2026,COCA COLA,1311.36,Alcohol
2026-02-18,e.on,310.01,Alcohol
6-3-2026,Diageo,1227.22,
2026-03-28,CleanCo,1377.95,
13-2-2026,BT PLC,1114.05,
4/12/2026,heineken uk,-1323.53,
18/02/2026,Heineken UK Ltd,705.00,Supplies
21/02/2026,jj food service,£1530.91
2/11/2026,Heineken UK Ltd,£1250.34,
2026-01-10,DIAGEO LIMITED,1278,37,Supplies
11-4-2026,HEINEKEN,917.89,Food
1/13/2026,Coca Cola,906.11,Food
2026-01-08,amazon,179.56,Soft Drinks
19-2-2026,British Gas,£255.37,
2026-03-31,Heineken UK Ltd,£617.77,Alcohol
29-3-2026,CleanCo,1069.81,
2026-02-27,Local Butcher,1545.95,Food
12-1-2026,BRAKES CATERING,£398.88,Soft Drinks
3-4-2026,BRITISH GAS,£526.87,Food
1/23/2026,eon energy,692.59,Utilities
5-4-2026,COCA-COLA EUROPACIFIC,-£307.90,
2026-04-24,sky business,401.11,Utilities
3/29/2026,Heineken UK,£1038.48,Food
2-3-2026,BRAKES UK,390,97,Alcohol
2026-01-22,J J Food,413.25,Alcohol
26-4-2026,J J Food,1086.09,
04/03/2026,AMAZON BUSINESS,512.25,Utilities
2026-04-22,Booker Ltd,£218.99,Alcohol
17-4-2026,Sky,886.97,
2026-01-26,Amazon,£1160,08,Food
4/17/2026,heineken,1240.22,Alcohol
2026-04-28,BRITISHGAS,912.60,Supplies
2026-04-18,Booker Wholesale,£1273.70,
3/27/2026,J J Food,£1078.85,Supplies
20-3-2026,BritishGas,£952.89,
3/11/2026,Local Butcher,719.45,
1/22/2026,COCA-COLA EUROPACIFIC,115.33,
2026-03-15,EON Energy,1122.83,
4/12/2026,BRITISH GAS,1149.21,
27/01/2026,scottish water,£482.93,Soft Drinks
16/03/2026,Coca Cola,£899,49,
15/03/2026,Brakes,1424.70,Utilities
16/03/2026,HEINEKEN UK,103.28,
29/01/2026,Diageo,1215.80,
12/01/2026,Booker Ltd,268.65,
2026-01-31,British Gas,732.03,Soft Drinks
4/27/2026,AMAZON UK,1006.68,
2/9/2026,BT PLC,£1508.48,Food
4/30/2026,Amazon,111.18,Food
2026-03-22,HEINEKEN,704.73,
04/02/2026,JJ FOOD SERVICE,1516.43,
16/03/2026,british gas,805.37,Alcohol
24-2-2026,Local Butcher,612.50,
3/2/2026,BT Business,93.50,Food
09/04/2026,BT PLC,£1488.55,Supplies
20-2-2026,british gas,960.97,Alcohol
2026-04-01,Scottish Water,642.17,Soft Drinks
02/01/2026,Local Bakery,£1389.16,Alcohol
28-1-2026,THE LOCAL BUTCHER,1218.92,Supplies
26/01/2026,BRAKES UK,612.33,Supplies
06/04/2026,Cleaning Supplies Co,£146.06,Supplies
2/17/2026,Bakery Co,1071.67,Utilities
2026-01-11,Diageo,£788.26,Supplies
3/17/2026,DIAGEO,147.33,Utilities
05/01/2026,Brakes,898.76,Supplies
3/25/2026,BT,1380.35,
27/01/2026,JJ FOOD SERVICE,1239.62,
2-3-2026,Local Butcher,1049.91,Supplies
19/03/2026,british gas,1277.50
2026-03-27,Brakes Catering,£796.84,Soft Drinks
6-4-2026,Bakery Co,£115.86,Alcohol
17/03/2026,Booker Wholesale,156.56,Food
03/03/2026,Brakes,219.28,Utilities
2-1-2026,BT Business,333,14,Utilities
01/03/2026,Local Bakery,£464.01,Supplies
2026-01-26,BT PLC,986.31
22-1-2026,CleanCo,1109.10,
17/04/2026,Amazon,687.13,Utilities
04/02/2026,AMAZON UK,424.93,
17/01/2026,AMAZON UK,1081.82,Soft Drinks
24/04/2026,Coca Cola,£1477,18,Supplies
2026-01-09,jj food service,-352.57,
2/25/2026,DIAGEO LTD,1274,14,
22-3-2026,eon,992.17,Supplies
25-4-2026,Coca Cola,-£833.95,
3-2-2026,Sky Business,1518.48,
3/19/2026,J J Food,751.95,Food
07/04/2026,Local Bakery,573.20,
02/04/2026,Local Butcher,536.33,Utilities
05/04/2026,Coca Cola,742.98,
04/03/2026,coca cola,1160.86,Food
4/9/2026,JJ Food Service,714.43
09/03/2026,Local Butcher,81,85,Alcohol
11/04/2026,the local butcher,1008.09,
2026-02-28,the local butcher,536.74,
10-1-2026,Heineken UK Ltd,244.90,Soft Drinks
11/02/2026,BT,£787.00,
17-3-2026,Amazon,691.50,
13/04/2026,heineken uk,1184.00,Soft Drinks
2/4/2026,Local Butcher,1083.95
31/03/2026,BT Business,1420.62
2/22/2026,Booker Ltd,143,29,Utilities
12/03/2026,Brakes Catering,413.97,
26-2-2026,AMAZON UK,178.30,Utilities
4/11/2026,HEINEKEN,352.26,Food
31/01/2026,BAKERY CO,1324.38,
6-3-2026,Heineken UK Ltd,360.13,
23/04/2026,Booker Ltd,£893.93,
1/5/2026,Sky,523.14,Food
30/03/2026,BOOKER LTD,334.07,
1/2/2026,Scottish Water,462.41,Soft Drinks
3/30/2026,EON,£1292.82,Food
2/17/2026,SCOTTISH WATER,1006.06,
2026-02-06,DIAGEO LIMITED,1426.95,Soft Drinks
20/02/2026,The Local Butcher,£560.38,
2026-03-16,Heineken UK Ltd,369.74,
4/28/2026,EON,1434,85,
25-3-2026,Brakes,885.76,Utilities
2026-02-04,SCOTTISH WATER,316.94,Supplies
2026-02-01,AMAZON UK,-1485.89,
2026-03-29,J J Food,1012.05,
2026-03-27,J J Food,627.63,
2026-03-06,amazon business,628.11,Supplies
1/1/2026,EON,935.65,
2026-04-15,BritishGas,1102.49,
08/03/2026,diageo limited,761.28,
3/17/2026,Booker Ltd,1108.23,
9-3-2026,The Local Butcher,840.32,
27-4-2026,Cleaning Supplies Co,1103.77,Utilities
27-3-2026,eon,833.68,Utilities
18-1-2026,Sky,991.86,Soft Drinks
11/01/2026,DIAGEO LIMITED,1544.19,
17-3-2026,E.ON,803.50,Food
3/30/2026,EON,905.62,
1/20/2026,Amazon Business,-1405.89,Food
24-4-2026,bakery co,1453.40,
2/4/2026,BRITISH GAS,£649.56,Food
2026-01-27,Diageo Ltd,1523.60,
2026-02-12,Diageo Ltd,409.71,Soft Drinks
18/02/2026,JJ Food Service,187.30,Alcohol
18/02/2026,E.ON,1417.13,
2026-02-06,Sky,1083.20,Supplies
3/7/2026,Brakes,1067.15,
2026-04-13,local butcher,1436.93,Alcohol
9-2-2026,Heineken UK Ltd,374.39,Supplies
2026-03-10,Coca Cola Europacific,1026.21,
8-3-2026,BT,333.34,Soft Drinks
2026-04-26,booker wholesale,105.31,Alcohol
2026-04-20,Heineken UK Ltd,493.27,Supplies
4/24/2026,COCA-COLA EUROPACIFIC,245.77
29-4-2026,bt business,1231.26,
2/12/2026,E.ON,£684.63,Food
2026-03-09,E.ON,1446.11,Supplies
28/04/2026,Bakery Co,£428.32,Soft Drinks
2/20/2026,Heineken UK,1136.08,Supplies
3-2-2026,BT PLC,539,75,Soft Drinks
2026-01-05,Booker Ltd,1040.48,
2026-04-04,The Local Butcher,841.06,Food
2026-03-13,BT PLC,597.01,
06/02/2026,coca cola europacific,862.54,Food
28/01/2026,BRITISH GAS,57.29,
16-1-2026,British Gas,767.03,
23/02/2026,Coca Cola,1456,37,Food
2026-01-13,booker ltd,405.23,Supplies
22/01/2026,British Gas,£804,49,Supplies
2026-03-29,Heineken UK Ltd,254.80,Alcohol
4/24/2026,COCA COLA,715.76,Alcohol
2026-01-26,Diageo,817.77,Alcohol
26-1-2026,BT Business,£567.04,Food
2026-03-10,E.ON,1001.00,Utilities
3/8/2026,Amazon,-1299.70,Soft Drinks
3/10/2026,Bakery Co,65.17
4/4/2026,BOOKER,467.68,Supplies
13/03/2026,BT PLC,499.05,
23-2-2026,BT,1223.49,Food
2026-03-20,Booker Ltd,960.05,Food
28-4-2026,Booker Ltd,£541.01,Utilities
17-2-2026,Sky Business,185.00,Supplies
22-1-2026,The Local Butcher,762.12,
20-3-2026,Booker Wholesale,151.25,
1/27/2026,BT PLC,653.05,Alcohol
2/2/2026,DIAGEO LIMITED,724.68,
4/9/2026,BritishGas,1531.19,
3/5/2026,COCA-COLA EUROPACIFIC,288.78,Food
21-4-2026,Cleaning Supplies Co,536.97,Supplies
14/02/2026,amazon business,1221.31,Soft Drinks
2026-03-15,DIAGEO,901.89,Food
24/01/2026,BRAKES UK,596.39,Soft Drinks
2/2/2026,scottish water,1314.34,
2-3-2026,Amazon,715.22,Food
10/02/2026,Amazon,901.34,
15-2-2026,Diageo,910.70,
2026-01-04,BritishGas,879.57,
4/3/2026,The Local Butcher,1336.10,Food
2026-02-11,BT Business,884.01
30-4-2026,Local Butcher,326.73,Soft Drinks
2026-03-01,JJ FOOD SERVICE,1472.86,Supplies
2026-02-03,Brakes Catering,1442,10,Food
06/02/2026,CLEANCO,676.64,
2026-04-11,The Local Butcher,336.60,Soft Drinks
2026-02-01,BRAKES UK,803.09,Supplies
4/14/2026,E.ON,411.16,Food
2/20/2026,bakery co,£673.19,Food
26/01/2026,britishgas,892.74,Utilities
25/03/2026,Booker Wholesale,925.15,Soft Drinks
3/22/2026,Coca Cola Europacific,408.41,Supplies
17/03/2026,Scottish Water,802.60,
1/6/2026,Local Bakery,1409.87,Food
2026-03-25,booker ltd,319.50,Utilities
2026-04-23,British Gas,1037.51,Food
1/7/2026,JJ Food Service,1404.27
22-4-2026,EON Energy,388.89,Alcohol
2026-03-16,BritishGas,1462.48,Utilities
2026-02-27,EON,453.84,Food
2026-04-01,bt,£227.08,
2026-01-05,EON,785.71,Food
21/02/2026,Booker Ltd,1000.98,
4/10/2026,jj food service,£721,58,
16/04/2026,J J Food,573.64,
2026-03-14,EON Energy,-£1353.22,
2026-04-21,BT PLC,-236.31,
03/03/2026,BRAKES UK,1516,82,Food
3/27/2026,coca cola,826.27,Alcohol
2026-01-26,Amazon Business,353.26,
3/4/2026,BT PLC,1288,35,
10/01/2026,EON,612.84,
17-4-2026,cleaning supplies co,983.03,Food
2026-02-26,AMAZON UK,964.75,Utilities
3/25/2026,Coca Cola,1122.28,
02/03/2026,CleanCo,580.62,
2026-04-24,BT Business,195.30,
4/9/2026,Coca Cola,£250.74,Utilities
23/02/2026,Local Bakery,740,13,Food
14/03/2026,DIAGEO,1166.52,Alcohol
2026-02-04,Bakery Co,187.46,Supplies
2026-03-08,Scottish Water,824.90,Alcohol
22-1-2026,Heineken UK,933.27,Soft Drinks
13-1-2026,EON,1210.40,Alcohol
18-4-2026,BRAKES UK,£924.63,
01/01/2026,Booker Ltd,224.40,Food
2026-02-28,EON Energy,£177.85,
2026-02-16,E.ON,1541,53,Food
2026-03-25,BRAKES,£723,28,Food
4/17/2026,BRAKES UK,719.75,Soft Drinks
2026-03-29,local butcher,865.63,Soft Drinks
20-3-2026,COCA-COLA EUROPACIFIC,510.29,Soft Drinks
11-1-2026,EON,500.38,
14-1-2026,Sky,595.63,Soft Drinks
3/23/2026,AMAZON UK,322.54
2026-04-28,HEINEKEN,564.08,Soft Drinks
3/7/2026,BT,215.07,Soft Drinks
4/23/2026,Bakery Co,1143.31,Alcohol
2/16/2026,bt,£119.73,
3/21/2026,BRITISH GAS,£809.98,Utilities
1/19/2026,J J Food,360.24,Supplies
15/04/2026,Amazon Business,370.19,Supplies
2026-01-16,Amazon,458.14,Soft Drinks
8-2-2026,Bakery Co,£211.98,Food
3/27/2026,EON Energy,£800.62,
4-4-2026,Diageo Ltd,452.24,
19-4-2026,Diageo Ltd,892.94,Alcohol
15/02/2026,Cleaning Supplies Co,794,44,Soft Drinks
2026-02-11,the local butcher,£599.83,Alcohol
16-3-2026,BRAKES UK,701.02,Alcohol
2026-03-08,Booker Ltd,50.17,Alcohol
3/30/2026,Sky Business,483.40,Supplies
4/24/2026,Amazon,-819.45,Alcohol
13-1-2026,BRITISH GAS,-1458.68
1/14/2026,Scottish Water,417.83,
2026-03-13,Booker Ltd,1498.48,
2026-04-06,Cleaning Supplies Co,-1514.34,Utilities
19-1-2026,Diageo,1179.32,
4/3/2026,Bakery Co,656.91,Utilities
20/03/2026,Brakes Catering,£343.74,Alcohol
2026-02-09,Heineken UK,1417.19,Alcohol
20-1-2026,Local Butcher,998,89,
2/24/2026,e.on,795.83,Alcohol
5-2-2026,Brakes,538.40,Alcohol
3/5/2026,JJ Food Service,188.39,Supplies
2026-03-30,BT Business,1507.71,Supplies
11-3-2026,AMAZON,£1360.25,Utilities
2026-01-29,BT PLC,£1287.13,Utilities
2026-04-09,Heineken UK,811.78,
3/21/2026,Heineken UK Ltd,765.14,Food
2026-02-11,JJ Food Service,£994.84,
3/22/2026,Cleaning Supplies Co,1460.67,Food
08/04/2026,COCA-COLA EUROPACIFIC,257.01,
16-3-2026,britishgas,£948,92,Food
16/01/2026,SCOTTISH WATER,1277.99,
1/11/2026,Coca Cola Europacific,£1196.86,Alcohol
4/17/2026,COCA COLA EUROPACIFIC,863,82,Alcohol
4/19/2026,JJ FOOD SERVICE,1174,67
13-2-2026,Booker Wholesale,£336.88,Food
24-2-2026,AMAZON UK,518.80,
23/03/2026,Brakes Catering,1151.65,Food
2026-02-28,SCOTTISH WATER,760.06,
2026-02-12,Heineken UK Ltd,1309.51,Supplies
27/04/2026,DIAGEO LIMITED,815.25,Utilities
2/15/2026,Local Bakery,548.95,Food
11/02/2026,Sky,1322.62,
10-2-2026,EON Energy,532.04,
2026-04-16,Amazon,931.96,Soft Drinks
2026-01-02,amazon,261.42
2026-04-10,BOOKER,£1372,38,Soft Drinks
05/04/2026,SCOTTISH WATER,1176.13,Alcohol
4/8/2026,diageo ltd,-£541.44,
3/19/2026,Diageo Ltd,1502.77,
06/02/2026,Sky Business,1460.44,Supplies
2026-01-06,Scottish Water,1286.84,
2026-01-01,Local Bakery,999.98,
24-2-2026,Brakes Catering,1500.56,Food
1/11/2026,BRAKES UK,968.17,
27/01/2026,local bakery,1114.96,
2026-03-07,Amazon,208,28,
14-4-2026,cleanco,352.83,Alcohol
19/04/2026,BRAKES UK,875.77,
4/10/2026,Amazon Business,979.87,
2026-04-02,Bakery Co,1394.64,Food
24-1-2026,COCA-COLA EUROPACIFIC,1497.44,Utilities
11-1-2026,BRAKES UK,814.00,Utilities
26/02/2026,CleanCo,£413,50,
15/03/2026,JJ FOOD SERVICE,745.40,
2/11/2026,Local Butcher,£1171.06,
14-3-2026,EON Energy,259,71,
2/11/2026,Coca Cola Europacific,102,77,Utilities
2/13/2026,Cleaning Supplies Co,279.52,
23/02/2026,SCOTTISH WATER,655.91,
11/04/2026,SCOTTISH WATER,194.90,Alcohol
19/03/2026,J J Food,685.89,
2026-03-12,Diageo Ltd,487.58,Food
2026-01-21,Brakes,657.92,Food
3/10/2026,Coca Cola Europacific,1060.75,Supplies
4-2-2026,BT,1062.25,Food
03/01/2026,BRITISH GAS,£649.53,Soft Drinks
2026-04-07,British Gas,-887.67,
1/14/2026,Sky,778,23,Food
2026-02-02,The Local Butcher,£74.61,
2026-01-06,Heineken UK Ltd,1336,58
2-4-2026,Booker Wholesale,450.97,Soft Drinks
6-1-2026,Brakes,£898.41,Food
26-4-2026,British Gas,£122.48,Supplies
1/3/2026,BritishGas,1242.38,Alcohol
2026-03-08,AMAZON UK,1539.04,Alcohol
03/02/2026,Heineken UK,1031.91,
17-1-2026,BRITISH GAS,357.82,Soft Drinks
2/22/2026,Amazon Business,1531.85,Soft Drinks
4/11/2026,SKY,612.89,Soft Drinks
1-1-2026,BT Business,£965.71,Food
2026-02-03,BT PLC,309.57,Supplies
2026-01-25,BRAKES CATERING,90.11,Utilities
22-2-2026,BT PLC,275.55,Alcohol
27-3-2026,CleanCo,904,25,Food
3/20/2026,sky,648.50,
4/3/2026,BOOKER,£1418.33,
27/01/2026,Heineken UK,1274.01,Food
20-3-2026,EON Energy,183.73,
05/03/2026,Heineken UK Ltd,1435.53,Food
13/01/2026,BOOKER LTD,331.23,
2026-03-21,Sky Business,248,06,Supplies
2026-02-03,Cleaning Supplies Co,333.08,
13-1-2026,BT,449.82,Alcohol
10/04/2026,BT,£364.72,Food
2026-02-01,Cleaning Supplies Co,1256,81,Soft Drinks
18-1-2026,JJ Food Service,1246,10,Utilities
26/03/2026,e.on,985.09
2026-04-15,Cleaning Supplies Co,159.97,Alcohol
11/04/2026,Booker Ltd,1376.77,Food
31/03/2026,CleanCo,76.05,Utilities
2/23/2026,Brakes,980.80,
11-4-2026,CleanCo,158.23,
2026-03-23,JJ FOOD SERVICE,1012.33,Supplies
2026-02-10,Coca Cola,£992.45,Alcohol
2026-04-07,EON Energy,616.65,Food
2026-03-19,JJ Food Service,£930.79,
2026-04-04,CleanCo,£1352.99,Soft Drinks
2026-02-23,AMAZON UK,1342,66
4/17/2026,Booker Wholesale,-1322.41,Food
4/3/2026,Booker Wholesale,177.51,Alcohol
2026-04-29,BT PLC,£610.05,Soft Drinks
4/26/2026,COCA-COLA EUROPACIFIC,£1167.06,
28-2-2026,Local Butcher,1295.92,Supplies
30/01/2026,Brakes,274.60,Supplies
20/03/2026,EON,-369.45,Food
1-2-2026,Amazon,1107.16,Food
1/20/2026,Sky Business,956.23,
3/21/2026,BRITISH GAS,673.26,Supplies
10-1-2026,E.ON,£669.61
29/03/2026,Booker Wholesale,976.35
18-4-2026,British Gas,241.08,Utilities
19-1-2026,Scottish Water,201.08
24-3-2026,Local Butcher,1353.20,
06/04/2026,Coca Cola,368.32,Supplies
4/12/2026,Heineken UK Ltd,921.23,Food
4/25/2026,CleanCo,£1265.25,
2026-03-02,COCA-COLA EUROPACIFIC,1324.25,Supplies
7-1-2026,HEINEKEN,87.99,Food
20/02/2026,EON,356.33,Food
12/02/2026,Coca Cola,456.12,
2/11/2026,Booker Ltd,111.96,Utilities
3-2-2026,Diageo Ltd,212.57,
2/9/2026,Heineken UK Ltd,£399,57,Alcohol
25-3-2026,AMAZON UK,449.12,Utilities
2026-01-22,BT Business,1445.39,Soft Drinks
2/20/2026,BOOKER,£1411.28,Utilities
3/10/2026,Coca Cola,283.76,Utilities
23-1-2026,HEINEKEN UK LTD,493.43,
4/23/2026,BT Business,437.40,Utilities
1-1-2026,JJ Food Service,1067.38
4/17/2026,CleanCo,315.54
25/02/2026,Coca Cola Europacific,1520.44,Utilities
11/01/2026,Booker Wholesale,207.91,Food
2/23/2026,J J Food,1258.72,Food
2026-01-01,Sky,1453.58,
29/04/2026,HEINEKEN,739.22,Supplies
09/03/2026,british gas,£361.84,Alcohol
19-2-2026,Scottish Water,689.36,
16/02/2026,The Local Butcher,88.51,Supplies
01/01/2026,amazon uk,271.87,
2026-02-23,CLEANCO,-1519,26,Supplies
2/14/2026,CleanCo,£539.04,
01/03/2026,BT,1180.15,
07/04/2026,Sky Business,1069,75,Supplies
1-4-2026,E.ON,1427.41,Utilities
2026-04-01,BOOKER,526.09,
2/20/2026,BRITISH GAS,966.08,Utilities
2026-03-08,BOOKER LTD,£687.18,Utilities
3/12/2026,BOOKER,£180.00,Alcohol
2026-04-24,EON,1001.21,Food
8-3-2026,CleanCo,294,05,Food
2026-03-13,BOOKER,1511.36,Utilities
4/28/2026,E.ON,1499.01,Supplies
2026-02-18,BRITISH GAS,249.51,
1/4/2026,JJ Food Service,936.71,Soft Drinks
28/01/2026,Coca Cola Europacific,643.53,Alcohol
4/22/2026,BAKERY CO,976.01,Alcohol
12-3-2026,JJ Food Service,426.47
2026-02-12,EON,593.15,
2026-01-15,Amazon Business,373.92,Supplies
2026-03-11,Coca Cola Europacific,1480.78,Supplies
11/01/2026,BT PLC,1396.53,Soft Drinks
31/01/2026,BritishGas,1129.43,
2026-03-15,Brakes,558.40,Supplies
24-4-2026,Sky,408.38,
2026-01-04,british gas,347.29,
2026-04-21,Cleaning Supplies Co,981.53,
16-3-2026,british gas,£154,09,
2026-03-20,the local butcher,105.57,
7-4-2026,Sky Business,1194.86,Soft Drinks
2026-01-16,EON Energy,944.83,Alcohol
2026-01-26,CleanCo,299.32,Soft Drinks
3/30/2026,Brakes Catering,£278.12,
2026-04-18,BT PLC,1302.20,
2026-04-03,amazon business,483,75,Alcohol
16/01/2026,Cleaning Supplies Co,1205.48,Alcohol
21/03/2026,JJ FOOD SERVICE,118.74,Utilities
3-2-2026,COCA COLA EUROPACIFIC,224,06,Alcohol
16/01/2026,Amazon,-587.65,
13/02/2026,Amazon,1078.18,
3/13/2026,Booker Wholesale,£1072.66,Soft Drinks
2026-02-23,CleanCo,264.89,
3/28/2026,THE LOCAL BUTCHER,£120,75,
2026-02-24,AMAZON UK,860.26,Alcohol
04/04/2026,coca cola,773.37,Supplies
15/04/2026,Amazon,231.57,Soft Drinks
24-3-2026,COCA-COLA EUROPACIFIC,1198.28
28-3-2026,Coca Cola,1035,58,Utilities
3/30/2026,AMAZON UK,134.17,Soft Drinks
27-1-2026,heineken uk ltd,335.60,
14-2-2026,britishgas,662.43,Alcohol
04/03/2026,JJ FOOD SERVICE,1124.00,Utilities
23/01/2026,Local Butcher,422.13,Food
11/01/2026,Brakes Catering,365.32,Supplies
8-4-2026,Amazon,1160.39,Utilities
31/01/2026,Heineken UK,99.75,Soft Drinks
05/01/2026,booker ltd,227.51,
2026-03-03,Amazon,224.83,
27-2-2026,CleanCo,-760.62,Alcohol
2026-02-15,Booker Ltd,£466.37,Soft Drinks
21/02/2026,E.ON,£1357.80,Utilities
2026-01-28,bt business,104.35,
19/01/2026,DIAGEO LIMITED,£1031.72,
15-1-2026,Local Butcher,526.70,
8-2-2026,Diageo,752.33,Alcohol
2026-04-26,AMAZON UK,909.30,Soft Drinks
2026-01-27,BT PLC,545.79,Alcohol
02/01/2026,BT,£299,07,Soft Drinks
4-2-2026,BAKERY CO,£108.63,
11/01/2026,Diageo Ltd,754.23,
10/03/2026,JJ FOOD SERVICE,-139,26,Food
15-1-2026,coca cola europacific,765.69,Food
26/04/2026,LOCAL BUTCHER,869.95,
2/14/2026,BOOKER,379.17,Supplies
4/16/2026,EON,£520.53
2026-03-29,BRAKES UK,£1127.33,
17/03/2026,J J Food,1291.88,Utilities
19-4-2026,scottish water,£687.97,
11/02/2026,EON Energy,808.88,Utilities
3-4-2026,BT Business,£880.76,
1/22/2026,E.ON,£611,30,Food
4/25/2026,BT,1393.88,Soft Drinks
2-3-2026,British Gas,206.33,Supplies
27/01/2026,Sky,983.45,Soft Drinks
4/16/2026,BT Business,707.07,Supplies
8-2-2026,E.ON,1488.17,Soft Drinks
3/6/2026,AMAZON UK,154.98,
17-4-2026,AMAZON UK,1211,03,Utilities
23/03/2026,Bakery Co,1340.90,Alcohol
4/13/2026,E.ON,449.20,Alcohol
28/01/2026,BT Business,1451.75,Alcohol
19-2-2026,Scottish Water,1334.98,Soft Drinks
22/03/2026,AMAZON UK,709.58
4/23/2026,BT PLC,1336.94,Alcohol
22-2-2026,BritishGas,797.71,
3/22/2026,BRAKES UK,1224.80,
4/26/2026,HEINEKEN,£1420.83,Food
4-1-2026,BRAKES UK,1042.72,
4/29/2026,BT PLC,50.10,
6-2-2026,diageo,556.86,Utilities
21/01/2026,HEINEKEN,1174.28,Food
19/02/2026,Sky Business,£1326.11,
13-3-2026,J J Food,475,27,
10-2-2026,COCA-COLA EUROPACIFIC,383.95,Utilities
2026-02-15,BOOKER,444.36,Food
4/17/2026,E.ON,333.97,Soft Drinks
22-1-2026,Sky Business,£453.56,Soft Drinks
23/01/2026,BT Business,1432.19,Alcohol
30-3-2026,Heineken UK Ltd,744.35
19-4-2026,Bakery Co,1240.36,Soft Drinks
08/04/2026,BOOKER,541.18,Alcohol
2026-01-15,BOOKER,278.76,Food
11-4-2026,COCA COLA EUROPACIFIC,1268.05,
2026-02-18,Brakes Catering,£249.35,Utilities
2026-04-11,Coca Cola Europacific,389.52,Alcohol
3-2-2026,BRITISHGAS,£574.03,Soft Drinks
10/01/2026,The Local Butcher,799.16,Alcohol
1/5/2026,Heineken UK Ltd,£1096.43,
18-1-2026,AMAZON UK,965.76,
2026-01-05,BRAKES UK,239.35,Supplies
17/03/2026,Booker Wholesale,£1288.62,
1/19/2026,British Gas,1157.63,
2026-03-11,SCOTTISH WATER,1479.75,
25/01/2026,DIAGEO LIMITED,1317.16,Food
2/10/2026,heineken uk ltd,£1157.92,Soft Drinks
06/04/2026,BRITISH GAS,835.24,Alcohol
2/12/2026,Brakes Catering,928.16,Supplies
28/01/2026,Coca Cola,997.89,Soft Drinks
12-3-2026,JJ FOOD SERVICE,742.92,
2026-02-17,EON,100.28,
2026-04-06,Brakes,£474.33,Food
14-3-2026,Diageo Ltd,963,73,Utilities
27-2-2026,local bakery,927.82
2026-02-05,Coca Cola,616.38,
2026-01-23,BT Business,476.64,
23-4-2026,The Local Butcher,£897.89,Food
2/6/2026,Cleaning Supplies Co,1228.91,
2026-02-03,Coca Cola Europacific,291,57,
2026-04-20,Bakery Co,£678.73,Soft Drinks
20/03/2026,CleanCo,133.45
22/02/2026,CleanCo,267.42,
1/17/2026,Amazon Business,372.83,
23/04/2026,BritishGas,£870.92,Utilities
4/30/2026,BT,91,21,Food
2026-04-09,Sky,905.06,Soft Drinks
2026-04-03,British Gas,1367.21,Supplies
28/01/2026,Brakes Catering,1288.49,Food
2-4-2026,DIAGEO,188.07,Alcohol
05/02/2026,COCA COLA,-98.95,Supplies
6-3-2026,British Gas,1443.25,Alcohol
2/22/2026,JJ Food Service,948.44,Supplies
9-4-2026,Booker Ltd,109.22,Food
2026-04-24,brakes catering,£559.71,
30-4-2026,EON,£257.38,
28-2-2026,Bakery Co,165.02,Utilities
11-4-2026,BT,804.18,Utilities
4/25/2026,Amazon Business,324.69,Utilities
2026-01-07,Heineken UK Ltd,397.22,Alcohol
2026-02-27,BRAKES UK,376.11,Supplies
13-2-2026,SCOTTISH WATER,592.14,Supplies
1/12/2026,BT Business,1490.10,Utilities
1/26/2026,HEINEKEN,649.49,
1/26/2026,SCOTTISH WATER,1169.58,
2026-01-15,Sky,904.72,Alcohol
2026-03-10,BOOKER LTD,1013.04,Alcohol
28/04/2026,SCOTTISH WATER,874.57,
25/01/2026,BT Business,£735.43,
3/16/2026,DIAGEO LIMITED,685.50,Supplies
27/02/2026,Diageo,1343.10,Food
2-1-2026,BT,1197.89,Alcohol
11-3-2026,Brakes Catering,1531.67,Supplies
3/17/2026,BT PLC,1549.15,Supplies
4/25/2026,BT BUSINESS,£1265.43,
19/04/2026,Amazon,352.58,
2026-03-12,SCOTTISH WATER,1473.76,Food
2026-01-23,BT Business,868.20
15/01/2026,The Local Butcher,920,95,
2026-02-10,Heineken UK,797.68,Supplies
19-3-2026,Brakes,£118.95,Supplies
2026-03-19,Heineken UK Ltd,791.54,
3/29/2026,brakes catering,1381.28,Utilities
06/03/2026,Brakes,1008.88,Soft Drinks
02/01/2026,BT PLC,770.24,Food
2026-01-01,Diageo,432.16,Utilities
2026-03-21,Scottish Water,320.90,Utilities
12/04/2026,JJ FOOD SERVICE,302.35,Food
2/23/2026,brakes uk,648.46,
4-4-2026,EON,£96.55
27-4-2026,E.ON,1004.34,Food
2026-01-09,EON Energy,1497.63,Utilities
1/23/2026,JJ Food Service,1243.76,
4-4-2026,CleanCo,677.25,Utilities
21-3-2026,AMAZON BUSINESS,1321.99,
2/13/2026,coca cola,1119.50,
9-2-2026,BOOKER WHOLESALE,£447.26,Food
2026-02-05,CLEANCO,£1307.83,
1/13/2026,J J Food,1113.99,Alcohol
21-2-2026,BRAKES UK,1051.27,Soft Drinks
4/19/2026,COCA-COLA EUROPACIFIC,682.07,Alcohol
2026-04-01,BT,1188.77,Supplies
08/02/2026,Bakery Co,£725.99,
2026-04-27,JJ FOOD SERVICE,1112.50,
09/04/2026,Local Butcher,888.68
21-1-2026,Brakes,582.55,
2026-03-04,The Local Butcher,336.23,Food
1/26/2026,British Gas,311.42,Utilities
28/03/2026,Sky Business,1540.89,
3/4/2026,Sky Business,£969.22,
12-2-2026,AMAZON UK,1053.22,
22/04/2026,Booker Ltd,£234,15,
7-3-2026,Diageo Ltd,-137.38,Utilities
9-4-2026,HEINEKEN,1459.66,Food
04/01/2026,BRITISH GAS,744.98,Alcohol
2026-03-18,diageo ltd,-£1286.68,Supplies
12/04/2026,Sky Business,1039.18,Alcohol
11/03/2026,Brakes,1415.91,Alcohol
21/01/2026,Scottish Water,£1260.87,
17-2-2026,J J Food,242.26,
2026-04-05,diageo,1409.48,Utilities
7-4-2026,Scottish Water,460.23,Utilities
04/01/2026,cleaning supplies co,1002.93,
1/20/2026,Coca Cola,£663.99,
17/04/2026,britishgas,£694.94,Soft Drinks
2026-04-24,BOOKER,239.72,Supplies
23-4-2026,Brakes,£912.72,Food
1/3/2026,diageo,1373.76,
31-1-2026,Booker Ltd,£1088,29,Supplies
12-1-2026,Amazon,974.34,Utilities
4/7/2026,JJ FOOD SERVICE,378.68,Supplies
9-2-2026,Diageo Ltd,369.51,Soft Drinks
27-1-2026,DIAGEO LIMITED,204.25
14-4-2026,AMAZON UK,1510.32,
2/28/2026,local bakery,£146.49,
2026-01-11,DIAGEO LTD,1517.85,Utilities
4/20/2026,Amazon,1047.18,Alcohol
17/01/2026,amazon,746.90,Utilities
2026-04-03,SCOTTISH WATER,688.64,Food
02/03/2026,Bakery Co,1419.84,Food
2026-03-08,Diageo,497.84,Food
28/04/2026,JJ Food Service,836.98,
2026-01-17,AMAZON UK,£186.83,Utilities
2026-02-28,Diageo,£1353.47,
04/02/2026,Amazon Business,£1473.40,
4/4/2026,BT PLC,-716.76,
28-1-2026,SCOTTISH WATER,1395.44,
2/2/2026,jj food service,431,79,
20/01/2026,The Local Butcher,1523.04,Utilities
2026-03-30,Coca Cola,£1443.64,Alcohol
9-1-2026,Cleaning Supplies Co,£205,73,Soft Drinks
5-2-2026,JJ FOOD SERVICE,150.90,
2026-04-02,Heineken UK Ltd,£202.50,Supplies
2026-03-13,Heineken UK,1400.91,
19-4-2026,HEINEKEN,536.57,
2026-02-21,coca cola,722.52,Food
22/01/2026,COCA-COLA EUROPACIFIC,1522.17,Utilities
07/01/2026,Local Bakery,1384.02,
12-1-2026,DIAGEO LIMITED,618.92,Alcohol
11/03/2026,JJ Food Service,1066.06,Alcohol
2-3-2026,BRITISH GAS,723.35,Alcohol
4/9/2026,DIAGEO LIMITED,1467.63,
1-1-2026,Brakes Catering,1244.94,Alcohol
19/02/2026,coca cola,£1097.09,Food
28-1-2026,Amazon,1054.75,Alcohol
4/6/2026,Heineken UK,771.00,Soft Drinks
3/23/2026,BRITISH GAS,£534.23,
2/24/2026,Cleaning Supplies Co,242.68
2026-04-16,COCA-COLA EUROPACIFIC,£1008.69,
2026-03-26,bt,£238.78,
14/04/2026,Coca Cola,£808.58,Soft Drinks
2026-02-19,jj food service,497.77,
02/01/2026,AMAZON UK,475.14,Food
25/01/2026,british gas,1384.44,
5-3-2026,AMAZON UK,1471.23
4-3-2026,BRITISHGAS,706.29,Supplies
2/19/2026,Diageo Ltd,1030.63,
4/13/2026,COCA-COLA EUROPACIFIC,429.43,Soft Drinks
22-4-2026,E.ON,257.41,Alcohol
14/01/2026,The Local Butcher,-558.55,Food
2026-04-25,COCA-COLA EUROPACIFIC,1045.16,Food
11/04/2026,Diageo,984.25,Utilities
2026-03-12,SCOTTISH WATER,721.32,
22-2-2026,BT,1443.47,Alcohol
6-2-2026,Amazon Business,£1477.47,Utilities
6-2-2026,Coca Cola Europacific,£1289.46,Soft Drinks
06/03/2026,BRITISH GAS,747.80,Soft Drinks
4-1-2026,amazon uk,665.64,Food
2026-01-24,sky business,£1218.23,Food
16/01/2026,Diageo,1220.82,Soft Drinks
4/19/2026,Amazon Business,279.23,
1/15/2026,JJ FOOD SERVICE,-1085,27,Supplies
9-4-2026,e.on,606.29,Food
2026-01-04,COCA-COLA EUROPACIFIC,986.81,
3/20/2026,E.ON,£1039.54,
19/01/2026,booker,-1107.58,Supplies
04/03/2026,Brakes,932.27,
18/04/2026,The Local Butcher,£1419.22,Utilities
13-2-2026,Local Bakery,599.34,
06/04/2026,Booker Wholesale,686.85,Utilities
2026-04-21,SCOTTISH WATER,1461.41,Supplies
2026-03-26,scottish water,£114.80,
28/03/2026,coca-cola europacific,1315.44,Supplies
18/02/2026,AMAZON UK,350.21,Food
2/21/2026,E.ON,273.99,Food
2026-03-06,DIAGEO LIMITED,608.13,Food
01/02/2026,Coca Cola,1439.24,Alcohol
2026-01-30,BT,1465.32,Soft Drinks
1/18/2026,E.ON,£791.68,Supplies
11-4-2026,J J Food,1195.71,
14-4-2026,BRITISH GAS,451.94,
13-3-2026,Local Butcher,£589.06,
05/04/2026,Amazon Business,542.41,Food
2026-01-05,Local Butcher,672.42,
24-1-2026,amazon uk,1495.83,Utilities
2/4/2026,BT PLC,492.50,
1/17/2026,Diageo,832.21,Soft Drinks
22-3-2026,BT Business,1143.04,Utilities
2-3-2026,BT Business,450.07,Alcohol
29/01/2026,Brakes,635.52,Utilities
2026-03-21,BT,590.86,
23/02/2026,BOOKER,645.46,Soft Drinks
21-3-2026,Brakes,-254.81,
12-2-2026,BritishGas,1537.74,Alcohol
02/04/2026,SCOTTISH WATER,462.25,Supplies
17-3-2026,E.ON,£249.98,
1/3/2026,coca cola,915.50,Alcohol
2026-04-16,DIAGEO,567.40,Utilities
2026-01-23,Heineken UK,£297.29
29/04/2026,BritishGas,477.40,
1/25/2026,Coca Cola,518,19,
27-1-2026,diageo limited,£991.52
11/01/2026,Coca Cola Europacific,1448.09,Soft Drinks
4-1-2026,cleaning supplies co,£491,88,
22/02/2026,The Local Butcher,-1403.33,Food
2/18/2026,Coca Cola,1006.05,Soft Drinks
2/27/2026,CLEANING SUPPLIES CO,£471.78,
20/01/2026,Bakery Co,£178.62,Food
3/7/2026,Coca Cola,309.65,Alcohol
26/01/2026,Scottish Water,560.21,Supplies
2/18/2026,HEINEKEN,565.06,Supplies
07/01/2026,Heineken UK Ltd,£796.24,Alcohol
2026-01-29,Heineken UK Ltd,£251.57,
2026-03-31,SCOTTISH WATER,1489.95,Soft Drinks
3-1-2026,EON,429.71,Soft Drinks
16/01/2026,BOOKER,-248.98,Food
10-2-2026,JJ Food Service,654.21
02/03/2026,Diageo Ltd,895.56,Alcohol
16-4-2026,BOOKER,533.58,
25/01/2026,sky,354.80,Soft Drinks
01/04/2026,EON Energy,1382.36,Supplies
2/22/2026,Amazon,849.34,Alcohol
1-2-2026,Brakes,-£1414.70,Soft Drinks
3/31/2026,Diageo,-619,22,
05/03/2026,Coca Cola Europacific,166.72,
1/20/2026,heineken uk ltd,1181.07,Alcohol
13/03/2026,BRITISH GAS,1463.35,Soft Drinks
2/3/2026,Cleaning Supplies Co,1345,52,Utilities
3/13/2026,heineken uk,149.97
2/6/2026,BT,869.33,Soft Drinks
2026-01-02,coca cola,685.43,
7-4-2026,BT Business,£1403.39,Soft Drinks
1/14/2026,Diageo,694.49,Supplies
3/26/2026,CleanCo,1156,88,Utilities
2026-03-28,SKY,£624.07,Alcohol
2026-03-10,Coca Cola Europacific,550.67,Food
19/04/2026,Cleaning Supplies Co,917,95,Food
12-4-2026,Amazon Business,£749.38,Supplies
23-3-2026,Local Butcher,1135.28,
2026-04-24,Local Bakery,£379.34,Food
4/18/2026,Coca Cola Europacific,-584.58,Soft Drinks
26-2-2026,AMAZON,£259.84,Food
2026-03-05,Brakes Catering,580.09,Alcohol
2026-01-19,SCOTTISH WATER,534.99,Alcohol
01/01/2026,BOOKER,£486.00,Supplies
29/04/2026,COCA COLA EUROPACIFIC,575.57,Food
04/03/2026,EON Energy,464.38,Food
22-3-2026,BT,493.12,
02/03/2026,amazon,149.38,Alcohol
31/03/2026,BT,£1126.22,
17/04/2026,British Gas,1290.03,Alcohol
2/9/2026,Brakes,551.06,Utilities
13-2-2026,Heineken UK,365.01
5-1-2026,BT BUSINESS,696.36,Soft Drinks
2026-01-10,amazon business,£85.13,Alcohol
30-1-2026,J J Food,1533.31,Food
1/20/2026,CLEANING SUPPLIES CO,440.73,Soft Drinks
2026-01-03,J J Food,£858.13,
23/03/2026,British Gas,£674.16
4-2-2026,AMAZON,362.38,Supplies
2026-03-12,britishgas,704.30,
20/04/2026,CleanCo,529.02,
08/02/2026,BT,-£383.87,Utilities
13-2-2026,CleanCo,£1409.06,Soft Drinks
1/7/2026,BT Business,£185.16,Utilities
1-2-2026,BRAKES UK,146.46,Soft Drinks
1/17/2026,EON Energy,387.04,Soft Drinks
3-3-2026,Coca Cola,-£1221,85,Supplies
2026-02-27,Diageo,63.19,
25-2-2026,E.ON,249.89,Supplies
3/9/2026,SCOTTISH WATER,1139,31,
21/01/2026,BRAKES UK,820.12,Utilities
3-3-2026,booker ltd,113.98,
2026-04-14,DIAGEO LIMITED,605.08,Supplies
2026-01-08,SCOTTISH WATER,1199.15,
3/13/2026,BRITISH GAS,831,07,Supplies
4/18/2026,Cleaning Supplies Co,1448.06,Utilities
2026-03-22,BT BUSINESS,175.02,
1/19/2026,J J Food,149.48,
24-2-2026,BritishGas,856,30,Alcohol
19-2-2026,SCOTTISH WATER,367.26
12-1-2026,brakes,1367.91,
13-1-2026,Amazon,747.05,Alcohol
27/01/2026,SKY BUSINESS,£292.15,
2026-03-26,Sky,1381.03,Supplies
4/26/2026,Amazon Business,£398.20,Food
9-1-2026,EON,456.61,
2026-04-24,cleanco,1078.88,Utilities
15/03/2026,BRITISH GAS,552.57,Alcohol
11-2-2026,local bakery,-£534.00,Alcohol
9-1-2026,Diageo Ltd,716.16,Supplies
23/03/2026,BT PLC,£1244.22,Alcohol
03/04/2026,CleanCo,859.55,Supplies
2026-04-21,BT,352.56,
19/01/2026,Brakes Catering,£293.88,
25-2-2026,SCOTTISH WATER,682.28,
10/04/2026,Cleaning Supplies Co,£832.71,
2026-02-10,Brakes Catering,£1300.71,
2026-01-07,BRITISH GAS,1081.77,Supplies
30/03/2026,Booker Ltd,1078.68,Alcohol
24/03/2026,JJ Food Service,946.50,
1/4/2026,E.ON,69.27,Food
5-3-2026,AMAZON UK,-240.63,
4/5/2026,Booker Wholesale,£1522.53,Soft Drinks
11/04/2026,SCOTTISH WATER,493.04,Alcohol
08/04/2026,COCA-COLA EUROPACIFIC,-1376.27,Alcohol
2026-02-11,BT Business,941.47,Soft Drinks
2-4-2026,DIAGEO LTD,1003.92,Food
15-4-2026,BT BUSINESS,1137.18,
2026-01-21,Diageo,180.50,Soft Drinks
2026-03-12,Local Butcher,£1231.87,Food
1/5/2026,BT PLC,1244.96,Supplies
2026-01-02,BOOKER,1000.25,Supplies
2026-01-15,Amazon Business,1525.74,
25/02/2026,JJ Food Service,126.89,Utilities
12/02/2026,CLEANING SUPPLIES CO,838.38,Alcohol
2026-04-29,Coca Cola Europacific,678.82,
4/6/2026,BritishGas,1414.48,Soft Drinks
29-3-2026,AMAZON UK,£830.26,
11-4-2026,BT Business,117.12,Supplies
2026-04-27,Diageo,606.58,
1/5/2026,scottish water,105.50,Utilities
4/3/2026,BOOKER,535.03,Utilities
21-2-2026,BT,£1480.13,
1/31/2026,bt business,£666.16,Soft Drinks
2026-03-10,JJ Food Service,1012.64,Supplies
7-3-2026,Booker Ltd,1348.33,Alcohol
1-4-2026,Local Bakery,1035.69,Alcohol
2026-03-30,heineken,-213.14,Supplies
16/02/2026,COCA-COLA EUROPACIFIC,£422.69,
3/30/2026,SKY BUSINESS,235.74,
1/30/2026,E.ON,1082.26,
4-3-2026,SCOTTISH WATER,290.45,Alcohol
2026-01-11,Amazon Business,884.42,
2026-04-06,JJ Food Service,£835.76,Food
15/04/2026,BT Business,330,21,
3/23/2026,JJ FOOD SERVICE,1158.31,Food
20/01/2026,Heineken UK,1036,40,Supplies
4/23/2026,Brakes Catering,541.47,Supplies
2026-03-11,BAKERY CO,1231.33,Alcohol
25/01/2026,HEINEKEN UK,223.35,Supplies
15/02/2026,The Local Butcher,445.31,
2026-01-21,bt,54.92,Food
4/9/2026,Scottish Water,463,50,Utilities
2026-04-06,Booker Wholesale,1187.23,Alcohol
23-4-2026,BT PLC,1351.44,
3-2-2026,bt business,580.26,
11-4-2026,BOOKER,£838.66,Food
21/01/2026,Booker Wholesale,£899,71,
19-1-2026,E.ON,£810.93,Utilities
10-1-2026,Bakery Co,1250,34,Alcohol
4/18/2026,coca-cola europacific,762.10,
17/03/2026,Cleaning Supplies Co,454.57,Supplies
2026-04-29,COCA COLA EUROPACIFIC,1313.00,
31/01/2026,COCA-COLA EUROPACIFIC,200.05,
3/27/2026,Local Butcher,1247.36,Soft Drinks
3/30/2026,heineken uk,1073.38,Food
6-4-2026,Bakery Co,£357.82,Food
3/13/2026,Coca Cola Europacific,1000,28,
4/11/2026,Brakes,-420.02,Utilities
19-2-2026,BRITISHGAS,£653.19,Alcohol
1/27/2026,Local Bakery,£691,42,Soft Drinks
1/16/2026,Local Butcher,196,04,Supplies
2026-03-06,eon energy,1147.13,
8-2-2026,JJ FOOD SERVICE,820.92,Alcohol
23-3-2026,Coca Cola,1189.77,Food
2026-03-19,Booker Wholesale,-795.10,
2026-03-29,Diageo Ltd,957.72,Food
08/03/2026,Bakery Co,295.13,Supplies
2/3/2026,COCA-COLA EUROPACIFIC,1423.94,Soft Drinks
5-3-2026,Local Bakery,1390.94,Food
20/01/2026,JJ FOOD SERVICE,105.84,Supplies
10-2-2026,EON Energy,468.69,Soft Drinks
2/25/2026,BRAKES,1139.07,Food
2026-02-19,Brakes,496.02,Food
6-3-2026,EON Energy,1520.42,Utilities
1-2-2026,Sky,£620.60,Soft Drinks
2026-03-03,EON,1064.82,
20-4-2026,J J Food,1540.15,Supplies
12-4-2026,EON,1243.23,Utilities
23-4-2026,BT Business,£975.93,Alcohol
1/23/2026,EON Energy,287.10,
30/04/2026,Bakery Co,699.60,Food
25/03/2026,Sky Business,1420.48,Alcohol
4/13/2026,BRITISH GAS,1122,83,Soft Drinks
03/02/2026,BRAKES UK,1472.61,
2/24/2026,bt business,-242.76,Supplies
24-3-2026,JJ Food Service,1297.61,Soft Drinks
8-3-2026,COCA-COLA EUROPACIFIC,£375.04,Utilities
12/01/2026,Cleaning Supplies Co,£475.61,Supplies
3/5/2026,AMAZON UK,1185.77,
2026-03-21,The Local Butcher,1052.10,
17/03/2026,BT,157.98,Food
14/02/2026,Heineken UK Ltd,1301.15,
3/1/2026,AMAZON UK,855.35,Food
31-1-2026,JJ FOOD SERVICE,1280.55,
3/19/2026,Booker Wholesale,1279.38
15-2-2026,sky,£1137.74,Supplies
5-4-2026,COCA-COLA EUROPACIFIC,£687.59,
26-1-2026,BT Business,141.50,
17-1-2026,HEINEKEN,£625.92,Alcohol
1/23/2026,EON,£796.68,Soft Drinks
4/5/2026,J J Food,1414.61,Supplies
2026-01-16,J J Food,1530.86,Alcohol
1/13/2026,J J Food,£664.11,Soft Drinks
9-2-2026,Coca Cola Europacific,£1212.82,Utilities
2026-04-20,heineken uk,-1018.31
26-1-2026,BT PLC,752.86,Utilities
8-2-2026,Local Butcher,1237.12,Food
2/22/2026,HEINEKEN,577.41,Alcohol
2026-02-18,BRITISH GAS,1312.76,Supplies
2026-04-14,EON,£1011.72,Utilities
4/10/2026,COCA-COLA EUROPACIFIC,901.40,
5-2-2026,The Local Butcher,420.11,
21-1-2026,AMAZON UK,-934.99
2026-04-19,Heineken UK Ltd,£360,60,Utilities
2/19/2026,EON,242.13
2/13/2026,BT Business,564.08,
1/11/2026,BOOKER WHOLESALE,1487.37,Supplies
13/04/2026,BOOKER WHOLESALE,1301.13,Soft Drinks
23/02/2026,Local Bakery,484.19,Utilities
23/03/2026,Brakes Catering,1530.21,Soft Drinks
2026-01-02,Brakes,£799.27,
2026-01-29,COCA-COLA EUROPACIFIC,367,63,Soft Drinks
03/01/2026,SCOTTISH WATER,£959.65,Supplies
2026-04-09,AMAZON UK,1294.03,Alcohol
3-1-2026,Sky,1445.06,
4/21/2026,CleanCo,1372.89,Alcohol
6-4-2026,Booker Ltd,-361.56,Soft Drinks
2026-02-17,HEINEKEN,1167.30,Supplies
4/30/2026,AMAZON UK,£625,05,Utilities
2026-01-13,EON,441.53,Food
22-1-2026,EON Energy,£772.03,
17/04/2026,SCOTTISH WATER,£1506.68,Alcohol
2026-01-12,Booker Ltd,510.20,
6-3-2026,EON ENERGY,624.61,Supplies
4-3-2026,JJ FOOD SERVICE,255.63,Soft Drinks
24/03/2026,Local Bakery,£1184.68,Alcohol
16-1-2026,DIAGEO LIMITED,548.50,Supplies
2026-02-14,Coca Cola Europacific,1289.10,Alcohol
2026-02-09,DIAGEO LTD,-445.80,Alcohol
20/04/2026,Sky,56.77,
4/23/2026,Local Butcher,582.02,Supplies
20-1-2026,DIAGEO LIMITED,976.39,Supplies
1/10/2026,E.ON,1232.34,Supplies
2026-02-28,AMAZON UK,1148.39,
16-4-2026,brakes uk,301,99,
9-3-2026,DIAGEO LTD,£639.99,Alcohol
2026-02-18,JJ Food Service,1148.24,Alcohol
18/03/2026,Cleaning Supplies Co,668,88
2/24/2026,AMAZON UK,120.88,Soft Drinks
23/04/2026,Brakes Catering,£972.31,
4/2/2026,BT Business,606.46,Alcohol
20-4-2026,E.ON,885,06,
2026-02-13,diageo ltd,781.42,Supplies
21/03/2026,Heineken UK Ltd,750,77,Supplies
3/31/2026,BRAKES UK,1396.43,Utilities
2026-01-03,Coca Cola,£1226.39,Supplies
2/21/2026,JJ FOOD SERVICE,£911.93,Food
11/01/2026,sky business,331.32,Soft Drinks
29-3-2026,Brakes,587.13,
27-4-2026,BT PLC,-£543.76,Food
1/29/2026,BRAKES UK,213.31,Supplies
3/10/2026,BOOKER,791.28,Food
2026-04-01,Cleaning Supplies Co,1019.84,Supplies
3-2-2026,Heineken UK,£80.06,
18/01/2026,BRAKES UK,1522.08,Soft Drinks
22-4-2026,sky business,494.13,Utilities
6-3-2026,BRAKES UK,1376.86,Alcohol
17-4-2026,COCA-COLA EUROPACIFIC,391.09,
5-3-2026,DIAGEO LIMITED,328.65
2026-04-29,SCOTTISH WATER,564.06,Utilities
2026-03-22,Amazon Business,66.76,Alcohol
3/18/2026,Heineken UK,1147.44,Soft Drinks
2026-01-22,Amazon,806.73,Soft Drinks
12/02/2026,EON,91.19,
2026-03-17,Local Bakery,348.83,Alcohol
08/04/2026,COCA-COLA EUROPACIFIC,491.20,Food
29/04/2026,jj food service,511.81,Soft Drinks
20-3-2026,COCA-COLA EUROPACIFIC,706.65,Soft Drinks
2026-03-17,Amazon Business,389.28,Utilities
2026-01-11,JJ Food Service,1278.47,Utilities
2026-04-08,E.ON,959.18,
1/2/2026,BRAKES UK,-342.45,Food
2026-03-12,JJ Food Service,963,12,Alcohol
29/01/2026,BRAKES UK,1523.94,Utilities
3/10/2026,Local Bakery,686.70,
2026-03-07,heineken,£1534.64,
24/01/2026,Coca Cola Europacific,1317.04,Supplies
2026-03-04,BritishGas,361.80,
30-1-2026,Sky,549.93,Utilities
4/13/2026,Coca Cola,1511,59,
17-3-2026,eon,323.97,
2026-01-13,Booker Wholesale,859.94,Supplies
2/27/2026,coca-cola europacific,1194.20,Soft Drinks
2-2-2026,JJ FOOD SERVICE,498.60,
15/03/2026,BritishGas,467.44,Supplies
2026-03-09,CleanCo,317.28,Supplies
2026-03-09,Diageo Ltd,£788.95,Supplies
2026-02-03,Local Butcher,1471.75,
3/2/2026,Booker Wholesale,£713.51,Alcohol
1/10/2026,coca-cola europacific,£679.65,
15-2-2026,CleanCo,816.69,Food
04/02/2026,Brakes Catering,787.37,Alcohol
2026-01-20,BritishGas,897.27,
2026-01-29,Amazon Business,73.48,
13/02/2026,Coca Cola,635.20,Alcohol
2026-01-24,Coca Cola Europacific,£631.43,Supplies
2-3-2026,BRITISH GAS,1233,67,
26/01/2026,BT Business,£301.60,
3/15/2026,Sky,245.88,
06/03/2026,the local butcher,175.29,
2026-02-13,Sky,995.86
12-3-2026,Diageo Ltd,1142.67,Food
21/03/2026,BRITISH GAS,176.73,
2026-02-15,JJ FOOD SERVICE,328.21,Soft Drinks
4-3-2026,Booker Wholesale,-673.05,Soft Drinks
23-2-2026,JJ Food Service,£1469.01,Food
2/7/2026,jj food service,784.38,Soft Drinks
4-3-2026,JJ FOOD SERVICE,813.50,
20/04/2026,The Local Butcher,£690.34,
15/02/2026,Brakes Catering,345.65,
3-4-2026,Brakes,173.57
4/6/2026,Booker Ltd,964.55,
24/04/2026,JJ FOOD SERVICE,228.24,Supplies
2026-01-17,Local Bakery,1121.01,
3/26/2026,EON,543.13,
15/02/2026,AMAZON UK,1464.89,Supplies
2026-03-15,British Gas,366.99,Utilities
13-1-2026,EON ENERGY,1524.41,Supplies
22-4-2026,sky,£411.28,Supplies
2026-04-02,British Gas,1029.43
2026-02-03,BRAKES UK,£1523.44,Soft Drinks
3/6/2026,Booker Ltd,915.91,Food
06/01/2026,Amazon,679.82,Food
1/14/2026,Sky,£1142.67,Supplies
2026-02-13,Local Bakery,376.78,Soft Drinks
1/8/2026,brakes,409.34,Utilities
15-1-2026,DIAGEO LIMITED,£914.16,
29/01/2026,JJ Food Service,£566.97,Alcohol
2026-01-27,BRITISH GAS,1500.05,
18-3-2026,British Gas,414.98,
1/1/2026,AMAZON UK,417.98,Food
2026-04-02,J J Food,916.26,
2/12/2026,Local Bakery,296.60,Soft Drinks
2026-04-20,Bakery Co,193.77,Food
2026-03-24,BOOKER,462,63,Alcohol
2026-03-23,BT,1145.98,Alcohol
1/8/2026,JJ Food Service,1169.80,Supplies
30/03/2026,Amazon Business,£701.74,Soft Drinks
29/01/2026,Heineken UK,1426.80,Food
11-4-2026,local bakery,266,50
4/28/2026,AMAZON UK,315.33,Soft Drinks
29/04/2026,Local Bakery,£1477.23,
14-3-2026,Amazon,-623.07,
8-2-2026,Local Butcher,£1176.59,
27-2-2026,BT,957,48,
22-1-2026,BritishGas,68.38,Food
4-3-2026,EON,564.98,
2026-04-01,BOOKER,150.66,Supplies
4-1-2026,sky business,1432.10
16/02/2026,JJ FOOD SERVICE,848.50,Soft Drinks
2/8/2026,Local Butcher,£318.10,Alcohol
6-1-2026,AMAZON UK,1547.07,Soft Drinks
2026-03-09,Amazon Business,641.31,Utilities
3/2/2026,Cleaning Supplies Co,1153.98,
30/01/2026,British Gas,516.85,
02/03/2026,Diageo Ltd,368.64,Supplies
02/04/2026,scottish water,833.14,
2026-03-10,AMAZON UK,-733.08,
22-1-2026,BritishGas,929.66,Alcohol
28-3-2026,EON,£258.81,Soft Drinks
3/8/2026,Coca Cola,933.60,
4/14/2026,BRITISH GAS,167.80,
09/02/2026,bt plc,951.71,Alcohol
11-1-2026,Local Butcher,1434.71,Utilities
11/02/2026,J J Food,530.32,Alcohol
17/02/2026,Bakery Co,1497.52,
2026-02-04,Heineken UK,1137.87,
17-2-2026,SCOTTISH WATER,402.78,Supplies
1/30/2026,Diageo,£1415,61,
3/7/2026,BOOKER LTD,£1371.59,Supplies
21/01/2026,COCA COLA,568.92,
3/6/2026,Diageo Ltd,66.41,Soft Drinks
27/03/2026,EON,873.23,
4/24/2026,Brakes Catering,1536,76,
3/22/2026,SCOTTISH WATER,1064.14,Utilities
2/27/2026,Booker Wholesale,235.41,
4/4/2026,Local Bakery,£889.51,Utilities
25/03/2026,BT Business,1503.85,Alcohol
2026-04-29,local bakery,598.64,
9-3-2026,J J Food,1494.05,Supplies
1/12/2026,COCA-COLA EUROPACIFIC,671.55,
12/03/2026,CleanCo,776.70,
4-4-2026,Diageo,871.43,Food
6-2-2026,Brakes,426.92,Utilities
02/03/2026,EON Energy,111.71,
15-2-2026,DIAGEO LIMITED,1131.74,Soft Drinks
24-3-2026,Diageo,856.63,Utilities
2026-01-26,BRAKES UK,687.97,Soft Drinks
2026-03-14,eon,435.06,Alcohol
25/03/2026,Sky Business,1327.09,Utilities
4/14/2026,JJ Food Service,735.57,Utilities
2/13/2026,BT PLC,807.31,Alcohol
15-2-2026,Local Butcher,1186.87,Soft Drinks
15-3-2026,BT PLC,610.69,Utilities
2026-01-10,BT,-1110,65,Supplies
26-3-2026,diageo,1319.05,Supplies
14/03/2026,BT PLC,880.51,
11/01/2026,COCA-COLA EUROPACIFIC,672.99,Utilities
2026-03-20,Scottish Water,841.02,Utilities
1/2/2026,Bakery Co,1087.27,Alcohol
2026-02-13,AMAZON UK,96.43,Supplies
28-1-2026,COCA-COLA EUROPACIFIC,638.39,Alcohol
26-3-2026,Booker Wholesale,530.72,Soft Drinks
16-2-2026,Local Bakery,476.97,
27/04/2026,brakes uk,1540.47,
2026-01-03,Booker Wholesale,454.40,
2026-01-15,EON,1042.75,
4/3/2026,amazon,173.55,
4/2/2026,BOOKER,313.73,Alcohol
26-3-2026,AMAZON UK,1184.31,
2026-04-08,Booker Wholesale,1442.10,Utilities
15-4-2026,The Local Butcher,788.49,
03/04/2026,Booker Ltd,1085.65,
2026-02-26,EON Energy,979.54,
17-1-2026,The Local Butcher,242.58
5-2-2026,AMAZON UK,-1497.53,Food
2026-02-22,CLEANCO,£85.35,Alcohol
10/03/2026,SCOTTISH WATER,79.17,Supplies
13-3-2026,Amazon,£766.22,Alcohol
28-4-2026,AMAZON UK,775.51,Supplies
1-3-2026,E.ON,294.76,Food
4-2-2026,Scottish Water,1475.18,
22-1-2026,Sky Business,£851.06,Alcohol
3/10/2026,BRITISH GAS,247.01,Utilities
4/16/2026,DIAGEO LTD,846.26,
17/04/2026,CleanCo,773.82
25-4-2026,Coca Cola Europacific,690.63,Food
4/5/2026,Brakes,926.10,Soft Drinks
12/04/2026,Diageo Ltd,1048.08,
10-4-2026,Sky Business,688.47,
19-3-2026,Diageo Ltd,339.75,
29-4-2026,EON Energy,£726.77,Alcohol
29-4-2026,Local Butcher,110.42,Soft Drinks
2026-01-12,BRITISH GAS,1171,29,
2/6/2026,Sky,£925.34,Utilities
2026-04-12,AMAZON BUSINESS,739.07,
3/8/2026,Booker Wholesale,1249.40,Utilities
2026-01-14,brakes catering,1003.50,Alcohol
2026-04-25,BRAKES UK,1310.67,Alcohol
2026-04-16,Coca Cola,-416.92,
03/03/2026,Sky,1067.23,Supplies
20-4-2026,Local Butcher,£1437.76,
2026-04-25,Cleaning Supplies Co,265.46,
12/02/2026,EON,1548.69,Alcohol
2026-02-06,bt plc,£692.56,Utilities
2/19/2026,sky business,631.74,
3/21/2026,british gas,1200.91,
7-4-2026,SCOTTISH WATER,-81.04,Supplies
2/13/2026,E.ON,910.18
2/12/2026,BRITISH GAS,£276.43,
2026-03-07,Heineken UK,1034.16,
2026-04-08,BRITISH GAS,903.27,Soft Drinks
7-2-2026,J J Food,755.01,Soft Drinks
15/03/2026,sky business,383.15,Food
7-4-2026,J J Food,259,97,Utilities
2026-01-26,BRITISH GAS,336,52,Food
16-3-2026,J J Food,1100,11,Utilities
21-1-2026,Cleaning Supplies Co,468.30,Alcohol
01/03/2026,Coca Cola Europacific,128.49,Alcohol
5-2-2026,Local Bakery,£1474.25,Alcohol
5-1-2026,Sky,1518.95
2/20/2026,CleanCo,567.26,Utilities
24-4-2026,AMAZON UK,1529.39,
07/02/2026,EON,1191.47,
28-3-2026,Local Bakery,-830.96,Alcohol
2026-03-25,Booker Wholesale,71.57,Soft Drinks
2026-04-23,Sky,£787,64,Utilities
16-4-2026,JJ FOOD SERVICE,519.14,Soft Drinks
2026-04-18,DIAGEO LIMITED,-257.65,
23/02/2026,Amazon,221.97,Food
2026-01-21,BRAKES CATERING,1531.87,Supplies
3/21/2026,SCOTTISH WATER,718.78
1/10/2026,LOCAL BAKERY,1320,65,Supplies
2026-03-13,The Local Butcher,644.12,Supplies
29/01/2026,SCOTTISH WATER,1170.06,
7-4-2026,Booker Wholesale,204.98,
18/02/2026,Diageo,548.92,
26/04/2026,Sky Business,163.65,Utilities
4/22/2026,JJ FOOD SERVICE,1084.61,
6-1-2026,The Local Butcher,£1122.22,
12-3-2026,scottish water,569.96,Alcohol
11/02/2026,BRAKES UK,675.03,
2026-01-20,JJ FOOD SERVICE,168.00,Supplies
2026-02-18,Cleaning Supplies Co,1497.29,
18-4-2026,CleanCo,1067.01,Soft Drinks
2026-04-29,E.ON,1382.12,
3/23/2026,bt plc,333.63,Alcohol
1/11/2026,Bakery Co,570.13,Utilities
14/01/2026,E.ON,72.69,Supplies
2026-03-18,bt,-514.62,Alcohol
03/01/2026,BritishGas,1223.46,
12-1-2026,BOOKER,1524.51,Utilities
29/01/2026,EON Energy,292.33,Soft Drinks
23/01/2026,SKY BUSINESS,1044.61,Soft Drinks
21-1-2026,Brakes,493.20,Alcohol
17-1-2026,BRITISH GAS,1356.43,
02/03/2026,EON,1104.22,Soft Drinks
2026-03-02,BT PLC,651.31,Soft Drinks
3/28/2026,Booker Ltd,699.21,Supplies
3/8/2026,CleanCo,255,40
20-3-2026,HEINEKEN,726.64,Soft Drinks
2/13/2026,J J Food,930.65,
31-3-2026,Coca Cola Europacific,262.25,Alcohol
2026-02-02,AMAZON BUSINESS,251.50,
4/21/2026,E.ON,1286.23,Utilities
4-2-2026,BT,494.49,Supplies
27/03/2026,Scottish Water,-1347.34,Soft Drinks
9-3-2026,Diageo,-878.87,
4/21/2026,Booker Wholesale,£833,23,Utilities
04/02/2026,British Gas,1049.47,
22-4-2026,EON Energy,944.39,Soft Drinks
28-3-2026,DIAGEO LIMITED,622,11,Supplies
20/01/2026,BT Business,589,96,
08/04/2026,Scottish Water,1083.81,Alcohol
2026-02-03,coca cola,234.92,Utilities
4/27/2026,SCOTTISH WATER,462,21,Utilities
19/03/2026,EON,£722.91,Alcohol
27-2-2026,EON Energy,939.98,Soft Drinks
2026-01-11,Coca Cola Europacific,973.68,Utilities
23/02/2026,Diageo,1133.97,Soft Drinks
4/20/2026,Heineken UK,1354.69,
3/10/2026,diageo ltd,166.12,Utilities
3/17/2026,Brakes Catering,£1001.63,Supplies
13/02/2026,bt plc,1508,46,
13/03/2026,HEINEKEN,80.52,Food
2/19/2026,Coca Cola,621.80,
12/04/2026,BAKERY CO,1163.04,
11-2-2026,Local Bakery,1474.00,Utilities
2026-03-12,Sky Business,1149.40,Food
2/12/2026,brakes catering,108.92,Supplies
8-4-2026,AMAZON,895.39,Alcohol
18-3-2026,BT PLC,1537.01,Soft Drinks
2/10/2026,Cleaning Supplies Co,£110.28,Utilities
4/7/2026,bakery co,183.20,Utilities
4/24/2026,COCA-COLA EUROPACIFIC,867.24,
2026-03-02,EON,911.25,
2/22/2026,Bakery Co,1448.24,Alcohol
10/01/2026,HEINEKEN,337.16,Utilities
2026-04-15,EON,£902.18,Alcohol
8-3-2026,HEINEKEN,121.06,Food
28/02/2026,Amazon,128.96,
28/03/2026,Scottish Water,70.52,Food
30-1-2026,EON,534.76,Utilities
09/01/2026,Amazon,1224.90,Supplies
2026-01-05,coca cola,£692.22,Soft Drinks
3/26/2026,Sky Business,1309.37,
3-4-2026,BRAKES UK,732.24,
3/19/2026,Diageo Ltd,570,40,Food
19-2-2026,diageo limited,£1042.85,Supplies
2026-04-27,JJ FOOD SERVICE,1466,59,Supplies
2026-02-21,JJ FOOD SERVICE,291.65,Food
2026-01-16,BT,1092.75,Supplies
2/21/2026,BRAKES UK,£1463.42,Supplies
2026-04-08,JJ FOOD SERVICE,892.85,Utilities
3/24/2026,Local Bakery,603.83,Food
30-3-2026,Local Bakery,82.93,Supplies
3/29/2026,brakes uk,1065.38,Utilities
1/2/2026,Heineken UK,696.29,Supplies
28-3-2026,Heineken UK Ltd,84.45,
3/16/2026,DIAGEO LIMITED,£554,12,
2/16/2026,JJ FOOD SERVICE,£892.66,
4/28/2026,JJ FOOD SERVICE,1365.46,Soft Drinks
2026-04-05,EON,884.68,Supplies
1/5/2026,BT PLC,£1302.58,Soft Drinks
2026-02-27,Brakes Catering,421.58,
29-4-2026,COCA COLA EUROPACIFIC,400.56,Food
15/03/2026,Bakery Co,£172.48,Food
3/16/2026,EON,641.07,Soft Drinks
10/02/2026,BT,1073.94,
2026-03-13,J J Food,218.22,Alcohol
29/01/2026,COCA COLA EUROPACIFIC,910.39,Utilities
2026-03-30,Cleaning Supplies Co,934.80,
2026-02-16,BRITISH GAS,1211.25,Soft Drinks
1/1/2026,e.on,£1546.39,Supplies
4/6/2026,coca-cola europacific,1403.48,Alcohol
16/02/2026,Booker Wholesale,800.47,Food
1/28/2026,Local Butcher,774.37,Alcohol
4-2-2026,BT Business,622.28,Supplies
4/16/2026,BT PLC,918.31,
9-3-2026,Booker Wholesale,945.68,Soft Drinks
30/03/2026,BRAKES UK,247.97,Alcohol
17/02/2026,Local Bakery,924.28,Utilities
14/04/2026,DIAGEO LIMITED,1547.75,Soft Drinks
2-3-2026,Booker Ltd,844.75,
27/04/2026,EON Energy,£694.62,Soft Drinks
2026-03-05,COCA-COLA EUROPACIFIC,798.93,
2026-03-29,DIAGEO LIMITED,746.18,Alcohol
2026-04-10,Bakery Co,740.69,
05/01/2026,DIAGEO LIMITED,£1250.24,
1/20/2026,BT,465.34,
31/03/2026,BT,£333.24,
28-1-2026,BRITISH GAS,£1411.60,Food
28/02/2026,diageo limited,-1252.12,
22-1-2026,COCA-COLA EUROPACIFIC,£1037.79,Supplies
2026-01-14,British Gas,935.05,
2026-03-23,Bakery Co,1197.18,Soft Drinks
17-4-2026,COCA-COLA EUROPACIFIC,1491.99,
06/03/2026,CleanCo,232.05,
2026-02-27,Diageo Ltd,979,08,
2026-02-21,AMAZON UK,776.48,
05/03/2026,SCOTTISH WATER,298,82,
30-4-2026,Brakes Catering,1152.18,
20-4-2026,Sky,-914.14,
2/24/2026,E.ON,1422.18,Alcohol
3/1/2026,HEINEKEN,1505.76,Supplies
2026-01-16,JJ FOOD SERVICE,£868.60
05/03/2026,BT,1156.27,Soft Drinks
3/13/2026,Scottish Water,1517.93,Supplies
2026-03-22,diageo,733.40,Alcohol
2026-02-25,BT PLC,1152.41,
16-3-2026,BT,1115.85,Alcohol
21-1-2026,BT PLC,£1527.43,
4/24/2026,BT BUSINESS,977.12,
7-4-2026,Scottish Water,315.73,Soft Drinks
2026-04-02,JJ FOOD SERVICE,1274.93,Supplies
2026-03-29,The Local Butcher,1193,73,Food
13/01/2026,Sky,668.71,
4/4/2026,BRITISH GAS,£1169.15,Alcohol
4-4-2026,Local Bakery,£251,78,Alcohol
1/7/2026,Diageo,135.02,Food
3/31/2026,Brakes,-589.45,Soft Drinks
2026-02-19,jj food service,615.65,Utilities
4/25/2026,EON Energy,1501.82,Food
29/03/2026,JJ FOOD SERVICE,£1115.32,Supplies
3/6/2026,Coca Cola Europacific,£515.53,
15-1-2026,Diageo,791.19,
2026-03-30,Sky Business,97.54,Utilities
28-4-2026,LOCAL BUTCHER,202.10,Soft Drinks
06/03/2026,coca cola europacific,£1181.08,
2026-01-21,BT PLC,1120.91,Food
2026-03-28,Booker Ltd,987.19,
21-1-2026,Scottish Water,£557.75,
2026-04-27,Brakes Catering,608.13,Supplies
2026-03-12,Booker Wholesale,£503.03,Food
1/7/2026,Diageo Ltd,883.56,Utilities
11/02/2026,Local Bakery,856.45,
4/14/2026,BOOKER LTD,£1082.56,Food
11/01/2026,EON Energy,563.31
10-1-2026,bakery co,898.32,
3/17/2026,diageo ltd,1208.14,
2026-03-11,Booker Ltd,1067.97,Food
26-3-2026,Booker Wholesale,633.38,Alcohol
2026-03-11,JJ Food Service,£890,14,Supplies
11/04/2026,heineken,809.67,Alcohol
4/21/2026,AMAZON UK,1044.96,Soft Drinks
4/19/2026,Sky,1183.67,Food
31/01/2026,amazon,£901.51,Utilities
2026-04-10,CleanCo,-653.35,Supplies
02/02/2026,BOOKER,415.72,
2026-01-17,booker wholesale,£906.69,Supplies
28-3-2026,BOOKER,1314.41,Alcohol
4/30/2026,british gas,£742.14
1/27/2026,DIAGEO LIMITED,397.45,Food
20-3-2026,E.ON,418.17,Soft Drinks
01/01/2026,CleanCo,463.81,Alcohol
2026-03-24,JJ FOOD SERVICE,1529,84,Utilities
25/01/2026,Scottish Water,1306,89,Food
25/01/2026,Diageo Ltd,592.59,
4/25/2026,BOOKER,678.58,
17-1-2026,BT PLC,106.32,
08/02/2026,Brakes,359.86
06/01/2026,Sky,605.88,Alcohol
8-4-2026,booker wholesale,569.21,Food
29/04/2026,DIAGEO LIMITED,1480.85,
16-1-2026,Booker Ltd,64.55,Soft Drinks
4/6/2026,bt,352.44,
1/19/2026,E.ON,1094.23,Alcohol
2026-02-04,booker wholesale,1369.03,Food
01/02/2026,Brakes,85.22,Utilities
29/01/2026,BT,864.77
2026-04-16,Heineken UK,1498.53,Utilities
30/04/2026,BRAKES UK,736,35,
17/03/2026,Amazon Business,£521,52,Supplies
2026-03-29,EON Energy,95.80,Utilities
4/25/2026,LOCAL BUTCHER,567,85,
2026-04-22,Brakes,1187.88,
15-1-2026,BRITISH GAS,1101.68,Utilities
21/02/2026,Brakes,1023.76,Utilities
15-2-2026,Bakery Co,£1025.20,
20-2-2026,CLEANCO,760.78,Supplies
3/21/2026,BRITISH GAS,1158.75,Soft Drinks
1/31/2026,Sky Business,796.37,
2026-04-18,The Local Butcher,607.45
21-4-2026,DIAGEO LIMITED,885.13,Soft Drinks
08/04/2026,J J Food,146.48,Food
4/26/2026,BT,1491.14,Alcohol
2/27/2026,Amazon,131.85,Utilities
2026-01-27,Heineken UK,1477.90,Supplies
26-2-2026,BRAKES UK,£1257.59,Food
07/02/2026,JJ Food Service,£1225.40,Alcohol
13-3-2026,Local Bakery,£407.87,Alcohol
2026-03-29,Coca Cola Europacific,1213,52,
15/01/2026,Local Butcher,724.84,
24-4-2026,Cleaning Supplies Co,932.53,Soft Drinks
2026-04-29,HEINEKEN UK LTD,706.43,
2026-04-11,AMAZON UK,£575.39,
09/04/2026,HEINEKEN UK,750.39,
3/21/2026,EON,1203.88,Supplies
3/26/2026,The Local Butcher,£611.41,Supplies
28-3-2026,BritishGas,252.06,Utilities
26/02/2026,the local butcher,121.44,Alcohol
17-3-2026,Diageo,1283.22,Soft Drinks
1/16/2026,HEINEKEN,£1210.16,Food
05/04/2026,E.ON,285.15,Alcohol
8-4-2026,HEINEKEN,1228.00,
22/04/2026,Sky,58.38,
11-1-2026,Coca Cola,540.78,Supplies
20-1-2026,Booker Ltd,430.95,Soft Drinks
30/04/2026,BT Business,143.17,Supplies
1/25/2026,BT PLC,1368.31,
2026-01-17,BritishGas,£969.16,Supplies
1/2/2026,Sky,-927.77,
3/3/2026,EON Energy,1406,23
2026-01-31,BRITISH GAS,£1448.84
29/01/2026,British Gas,-753.96,
4/18/2026,Brakes Catering,1510.02,Utilities
29-4-2026,Diageo Ltd,520.37,Soft Drinks
20-1-2026,diageo limited,395.83,Utilities
2026-01-21,BOOKER WHOLESALE,£1346.67,Supplies
17/01/2026,e.on,1216.53,Utilities
11/03/2026,Amazon,558.45,Alcohol
3/31/2026,JJ FOOD SERVICE,£1439.62
18/04/2026,Brakes,53.09,Utilities
03/02/2026,Diageo Ltd,1171.83,Supplies
4/10/2026,BRAKES UK,1186,99,Utilities
2026-01-09,BRITISH GAS,120,36,Supplies
13/01/2026,Local Butcher,£1439,93
19/03/2026,BT Business,668.02,Alcohol
10/04/2026,british gas,708.44,Utilities
14/01/2026,British Gas,1131,82,Supplies
8-2-2026,Local Butcher,342.94,
2026-04-01,DIAGEO LIMITED,1083.00,Food
2026-04-12,Booker Wholesale,1213.17,
12-1-2026,Diageo Ltd,1262,25,Utilities
4/24/2026,The Local Butcher,158.00,
1/31/2026,BRITISH GAS,530.99,
2026-02-23,BritishGas,257.42,
2026-01-17,Coca Cola Europacific,420.40,Utilities
03/02/2026,JJ FOOD SERVICE,1002.88,Utilities
2026-03-14,BOOKER,1233.35,
17/02/2026,Amazon,808.81,Food
8-4-2026,The Local Butcher,1016.78,
08/04/2026,BT,783.94,
17-2-2026,britishgas,118.54
2026-04-04,Diageo,118.84,Alcohol
4/11/2026,DIAGEO LIMITED,£1098.68,
03/01/2026,Brakes,1168.81,
04/03/2026,BT PLC,218.80
4/23/2026,Sky,836.53,Alcohol
2026-04-16,booker ltd,1513.31,
30-4-2026,BAKERY CO,-1512.27,Soft Drinks
2/22/2026,EON Energy,492.14,
7-1-2026,BT,744.45,Alcohol
3/21/2026,E.ON,£642.78,Alcohol
3/29/2026,Heineken UK Ltd,1168.92,Food
13-2-2026,British Gas,-1463.71,Utilities
1/27/2026,SCOTTISH WATER,£1319,55,Soft Drinks
02/03/2026,BT PLC,569.90,Food
04/04/2026,LOCAL BUTCHER,£1124.86,Alcohol
15-3-2026,HEINEKEN UK,£1132.36,Utilities
05/04/2026,J J Food,1430.48,Utilities
29/01/2026,heineken,1392.00,Utilities
2026-02-24,CleanCo,£374.67,Supplies
3-3-2026,BRITISH GAS,-533,55,
3/22/2026,coca cola europacific,-589.64,
2026-04-11,British Gas,798.26,Supplies
17-3-2026,Sky Business,1392,82,
28-4-2026,Local Butcher,£651.78,Soft Drinks
2026-03-02,LOCAL BAKERY,642.44,
2026-04-15,Sky Business,214,59,Utilities
25-4-2026,j j food,855.81,Food
2026-04-21,J J Food,867.64,
5-1-2026,Sky Business,637.14,Utilities
4/2/2026,BritishGas,£396.48,
2026-01-03,heineken uk ltd,926.55,Alcohol
26-3-2026,BOOKER,208.86,Utilities
05/03/2026,Brakes Catering,458.37,Soft Drinks
2026-03-19,SCOTTISH WATER,-506.40,Soft Drinks
2026-03-22,Heineken UK Ltd,1505.52,Supplies
3/19/2026,local bakery,201.92,
20/01/2026,diageo limited,£1068.17,
2026-04-05,HEINEKEN,106.07,Utilities
9-3-2026,EON,788.90,
2026-03-29,scottish water,109.98,
25/04/2026,Booker Wholesale,£1237,72,Soft Drinks
20-2-2026,The Local Butcher,685.54,
27-1-2026,BT PLC,677.14,
2026-01-03,JJ Food Service,353.50,Utilities
2026-03-26,AMAZON UK,931.50,Soft Drinks
09/02/2026,JJ FOOD SERVICE,994.22,
1/27/2026,scottish water,504.22,Soft Drinks
12-4-2026,Coca Cola Europacific,663.78,
15-3-2026,Diageo Ltd,521.45,Supplies
3-2-2026,Scottish Water,£857.36,Alcohol
2026-01-18,JJ Food Service,-1263.50,Alcohol
2026-03-08,AMAZON UK,1388.64,Supplies
2026-02-20,BRAKES UK,-1195.95,Alcohol
4-4-2026,BOOKER,1297.10,
4/2/2026,EON,£235.06,Alcohol
4/8/2026,Coca Cola,311.84,
4/2/2026,Diageo Ltd,1451.61,
2026-03-29,local bakery,£1220.88,
2026-02-02,Heineken UK Ltd,£478.07
2026-01-18,Bakery Co,592.74,Supplies
4/20/2026,BT,810.75
1/14/2026,Diageo Ltd,225.92,Utilities
11-4-2026,amazon business,£773.92,Food
10/03/2026,J J Food,£333.51,Food
3/26/2026,brakes,350.88,Utilities
2/15/2026,cleanco,269.56,Utilities
05/03/2026,AMAZON UK,829.03,Food
09/02/2026,Local Bakery,1312,37,
4/15/2026,The Local Butcher,354.30,
27-3-2026,Heineken UK Ltd,1306.01,
4/6/2026,BRITISH GAS,1203.10,Alcohol
1/24/2026,CleanCo,1210.30,
2/7/2026,Sky,800.39,
4-1-2026,DIAGEO,960.75,Alcohol
4/23/2026,EON,1196.52,
2026-02-05,E.ON,£551.95,Utilities
2026-01-23,EON Energy,410.24
13/03/2026,AMAZON UK,237.21,
20/03/2026,Amazon Business,238.81,Utilities
2026-01-17,The Local Butcher,£848.74,Food
25-2-2026,Sky Business,243.39,Soft Drinks
2026-04-25,eon energy,-1325.17,Utilities
20-1-2026,Booker Wholesale,1482.22,
2026-04-22,BT PLC,702.95
2/26/2026,JJ Food Service,1167.54,Supplies
2/17/2026,Booker Wholesale,253.55,Food
20-4-2026,Cleaning Supplies Co,£265,26,Alcohol
9-4-2026,BT Business,1229.09,Soft Drinks
1/23/2026,J J Food,1008.08,
4/18/2026,EON Energy,1106.90,Soft Drinks
17-2-2026,E.ON,£1541.64,Utilities
15/01/2026,DIAGEO LIMITED,554.18,Alcohol
8-1-2026,JJ FOOD SERVICE,72.07,Food
2/10/2026,Heineken UK,206.34,Alcohol
11/01/2026,BT PLC,217.16,
11/02/2026,AMAZON UK,455.21,Food
4/24/2026,Brakes,£213.32,
3/15/2026,BRAKES UK,-1496,28,Soft Drinks
1-2-2026,Booker Wholesale,863.77,
2026-04-23,Amazon,£846.07,Soft Drinks
,,,,
INVALID ROW
123,ABC